--
-- PostgreSQL database dump
--

-- Dumped from database version 16.8 (Debian 16.8-1.pgdg120+1)
-- Dumped by pg_dump version 16.8 (Debian 16.8-1.pgdg120+1)

SET statement_timeout = 0;
SET lock_timeout = 0;
SET idle_in_transaction_session_timeout = 0;
SET client_encoding = 'UTF8';
SET standard_conforming_strings = on;
SELECT pg_catalog.set_config('search_path', '', false);
SET check_function_bodies = false;
SET xmloption = content;
SET client_min_messages = warning;
SET row_security = off;

--
-- Name: enum_reservations_status; Type: TYPE; Schema: public; Owner: postgres
--

CREATE TYPE public.enum_reservations_status AS ENUM (
    'LOCKED',
    'RESERVED',
    'CANCELLED'
);


ALTER TYPE public.enum_reservations_status OWNER TO postgres;

SET default_tablespace = '';

SET default_table_access_method = heap;

--
-- Name: movies; Type: TABLE; Schema: public; Owner: postgres
--

CREATE TABLE public.movies (
    id uuid NOT NULL,
    title character varying(255),
    "createdAt" timestamp with time zone NOT NULL,
    "updatedAt" timestamp with time zone NOT NULL
);


ALTER TABLE public.movies OWNER TO postgres;

--
-- Name: reservations; Type: TABLE; Schema: public; Owner: postgres
--

CREATE TABLE public.reservations (
    id uuid NOT NULL,
    status public.enum_reservations_status,
    email character varying(255),
    screening_id uuid,
    "createdAt" timestamp with time zone NOT NULL,
    "updatedAt" timestamp with time zone NOT NULL
);


ALTER TABLE public.reservations OWNER TO postgres;

--
-- Name: reserved_seats; Type: TABLE; Schema: public; Owner: postgres
--

CREATE TABLE public.reserved_seats (
    id uuid NOT NULL,
    reservation_id uuid,
    seat_id uuid,
    "createdAt" timestamp with time zone NOT NULL,
    "updatedAt" timestamp with time zone NOT NULL
);


ALTER TABLE public.reserved_seats OWNER TO postgres;

--
-- Name: rooms; Type: TABLE; Schema: public; Owner: postgres
--

CREATE TABLE public.rooms (
    id uuid NOT NULL,
    name character varying(255),
    capacity integer,
    "createdAt" timestamp with time zone NOT NULL,
    "updatedAt" timestamp with time zone NOT NULL
);


ALTER TABLE public.rooms OWNER TO postgres;

--
-- Name: screenings; Type: TABLE; Schema: public; Owner: postgres
--

CREATE TABLE public.screenings (
    id uuid NOT NULL,
    start_time timestamp with time zone,
    end_time timestamp with time zone,
    movie_id uuid,
    room_id uuid,
    "createdAt" timestamp with time zone NOT NULL,
    "updatedAt" timestamp with time zone NOT NULL
);


ALTER TABLE public.screenings OWNER TO postgres;

--
-- Name: seats; Type: TABLE; Schema: public; Owner: postgres
--

CREATE TABLE public.seats (
    id uuid NOT NULL,
    row_number integer,
    seat_number integer,
    room_id uuid,
    "createdAt" timestamp with time zone NOT NULL,
    "updatedAt" timestamp with time zone NOT NULL
);


ALTER TABLE public.seats OWNER TO postgres;

--
-- Data for Name: movies; Type: TABLE DATA; Schema: public; Owner: postgres
--

COPY public.movies (id, title, "createdAt", "updatedAt") FROM stdin;
482bb570-3661-4455-9225-ad8f6e9fe06c	The Godfather	2025-05-04 19:27:13.086+00	2025-05-04 19:27:13.086+00
62c9246e-6145-4f4d-a5cb-152dcc97ac3e	Shrek	2025-05-04 19:27:19.162+00	2025-05-04 19:27:19.162+00
9b336bbf-7964-444c-a413-6956609dd81e	Shrek 2	2025-05-04 19:27:24.314+00	2025-05-04 19:27:24.314+00
edfc839a-7de5-43d2-a124-1d184bd57852	The Room	2025-05-04 19:28:40.695+00	2025-05-04 19:28:40.695+00
b7f3c552-5c43-4f98-b101-869d68fcb456	Titanic	2025-05-04 19:30:50.761+00	2025-05-04 19:30:50.761+00
f48c696c-bf8d-4383-8980-08eae07cc410	Matrix	2025-05-04 19:31:09.283+00	2025-05-04 19:31:09.283+00
\.


--
-- Data for Name: reservations; Type: TABLE DATA; Schema: public; Owner: postgres
--

COPY public.reservations (id, status, email, screening_id, "createdAt", "updatedAt") FROM stdin;
fdd84ec3-df19-4154-9319-341b7fb4251b	RESERVED	test@mail.com	1818eb1a-113b-4193-9337-404decc70ac2	2025-05-04 20:06:51.196+00	2025-05-04 20:06:51.196+00
0752ac5e-44e7-47e7-94d0-3feb63078619	RESERVED	sanyi@mail.com	1818eb1a-113b-4193-9337-404decc70ac2	2025-05-04 20:07:11.345+00	2025-05-04 20:07:11.345+00
d23d172c-5ba3-428d-8fa2-f3b93b61a9ec	RESERVED	feri@mail.com	1818eb1a-113b-4193-9337-404decc70ac2	2025-05-04 20:07:21.535+00	2025-05-04 20:07:21.535+00
920da481-006e-4a53-9965-6ffde71b6ef9	RESERVED	peti@mail.com	1818eb1a-113b-4193-9337-404decc70ac2	2025-05-04 20:07:37.988+00	2025-05-04 20:07:37.988+00
74c75041-d548-4d70-8632-123cb49703ce	RESERVED	antal@mail.com	75c5c29e-5491-48ed-92e4-bd3e12368db8	2025-05-04 20:08:42.237+00	2025-05-04 20:08:42.237+00
7ebac175-d623-46f6-bb3e-37d2afa80440	RESERVED	shrek@mail.com	75c5c29e-5491-48ed-92e4-bd3e12368db8	2025-05-04 20:09:00.383+00	2025-05-04 20:09:00.383+00
5394f417-c182-4a6b-959c-a414915b5d32	RESERVED	elza@mail.com	75c5c29e-5491-48ed-92e4-bd3e12368db8	2025-05-04 20:09:09.69+00	2025-05-04 20:09:09.69+00
5b9da5d1-0dae-4936-b2a9-27724c1aa892	RESERVED	tomi@mail.com	75c5c29e-5491-48ed-92e4-bd3e12368db8	2025-05-04 20:09:27.26+00	2025-05-04 20:09:27.26+00
a4c97910-0e5e-486a-a034-cf4d49c4932c	RESERVED	csabi@mail.com	75c5c29e-5491-48ed-92e4-bd3e12368db8	2025-05-04 20:09:46.177+00	2025-05-04 20:09:46.177+00
6ab05e2f-3a28-44e0-b3c9-44698d5032a5	RESERVED	papa@mail.com	c8ffb9d1-1f43-45dd-93ca-c016492d5e5c	2025-05-04 20:10:23.161+00	2025-05-04 20:10:23.161+00
487862c8-fbae-4f46-a6be-ec92482d736b	RESERVED	gabi@mail.com	c8ffb9d1-1f43-45dd-93ca-c016492d5e5c	2025-05-04 20:10:34.342+00	2025-05-04 20:10:34.342+00
cf967ffc-68fc-4a86-9485-63697c2044b7	RESERVED	geri@mail.com	c8ffb9d1-1f43-45dd-93ca-c016492d5e5c	2025-05-04 20:10:59.653+00	2025-05-04 20:10:59.653+00
553b61f5-6190-4a79-bcba-02fb44a52e4c	RESERVED	anakin@mail.com	c8ffb9d1-1f43-45dd-93ca-c016492d5e5c	2025-05-04 20:11:11.581+00	2025-05-04 20:11:11.581+00
526e16a7-2d87-4456-80bb-c213b398f517	RESERVED	jackichan@mail.com	bbc88d9d-71c0-4a93-8fcf-f7322d01dd88	2025-05-04 20:11:33.623+00	2025-05-04 20:11:33.623+00
355d7a5f-a041-4df3-9521-5dc48cf6317a	RESERVED	ronald@mail.com	bbc88d9d-71c0-4a93-8fcf-f7322d01dd88	2025-05-04 20:11:42.026+00	2025-05-04 20:11:42.026+00
b7e7d2de-2dd3-4bbf-a5b8-934b5076806a	RESERVED	arthur@mail.com	bbc88d9d-71c0-4a93-8fcf-f7322d01dd88	2025-05-04 20:11:53.917+00	2025-05-04 20:11:53.917+00
9a843fa9-0263-44e2-b7c4-dfb6ffd90046	RESERVED	gustav@mail.com	bbc88d9d-71c0-4a93-8fcf-f7322d01dd88	2025-05-04 20:12:04.438+00	2025-05-04 20:12:04.438+00
c429bc3d-6c4e-491a-9126-2c744070932a	RESERVED	jozsi@mail.com	60649c17-3ae1-46ff-913b-f941afefb162	2025-05-04 20:12:21.437+00	2025-05-04 20:12:21.437+00
25f708c2-d97c-4afa-a4e1-7cb71d97c869	RESERVED	viki@mail.com	60649c17-3ae1-46ff-913b-f941afefb162	2025-05-04 20:12:32.751+00	2025-05-04 20:12:32.751+00
3bdce0a3-2e3a-4528-b95e-38f83769af0b	RESERVED	toni@mail.com	60649c17-3ae1-46ff-913b-f941afefb162	2025-05-04 20:12:40.609+00	2025-05-04 20:12:40.609+00
7c079f61-bf2f-491d-80d5-e1c352af1ab6	RESERVED	donkey@mail.com	10d58828-8efe-44b3-91df-1a3f6fd75c4f	2025-05-04 20:13:07.183+00	2025-05-04 20:13:07.183+00
b8dcc16a-6aed-4422-b121-2d21702c2ba6	RESERVED	sanyi@mail.com	10d58828-8efe-44b3-91df-1a3f6fd75c4f	2025-05-04 20:13:26.011+00	2025-05-04 20:13:26.011+00
820e16e9-8d21-43dd-88df-886ccc4f7073	RESERVED	dani@mail.com	10d58828-8efe-44b3-91df-1a3f6fd75c4f	2025-05-04 20:13:33.333+00	2025-05-04 20:13:33.333+00
2f277c13-0a6a-4fe8-a934-bb07a5c65fe1	RESERVED	lola@mail.com	10d58828-8efe-44b3-91df-1a3f6fd75c4f	2025-05-04 20:13:40.194+00	2025-05-04 20:13:40.194+00
01d022bd-b8fe-4e34-aba8-a345de8c74dd	RESERVED	tommy@mail.com	76e8344d-5e06-4f1b-86a4-7bd6594c0f92	2025-05-04 20:13:52.191+00	2025-05-04 20:13:52.191+00
16dd5124-e7df-4a2b-8078-5f479fd5c514	RESERVED	visseau@mail.com	76e8344d-5e06-4f1b-86a4-7bd6594c0f92	2025-05-04 20:13:59.392+00	2025-05-04 20:13:59.392+00
f2f1bd0f-603c-48bc-a93a-d960a896657d	RESERVED	dora@mail.com	76e8344d-5e06-4f1b-86a4-7bd6594c0f92	2025-05-04 20:14:10.756+00	2025-05-04 20:14:10.756+00
e290ce24-9387-4ce9-b738-e57352efd81e	RESERVED	felix@mail.com	76e8344d-5e06-4f1b-86a4-7bd6594c0f92	2025-05-04 20:14:28.895+00	2025-05-04 20:14:28.895+00
c1c8d872-7aaa-4451-a5bc-4f41a41721d6	RESERVED	leonidas@mail.com	8c5aa67c-30c1-4c59-986e-45da6c3b26e3	2025-05-04 20:14:49.601+00	2025-05-04 20:14:49.601+00
da0d8613-b7e5-4ef1-b3a8-0912804b5aa6	RESERVED	ronaldo@mail.com	8c5aa67c-30c1-4c59-986e-45da6c3b26e3	2025-05-04 20:14:58.976+00	2025-05-04 20:14:58.976+00
8e082a77-595c-4af2-955d-13bb415571bf	RESERVED	gus@mail.com	8c5aa67c-30c1-4c59-986e-45da6c3b26e3	2025-05-04 20:15:12.512+00	2025-05-04 20:15:12.512+00
f05a26ba-3fa3-4507-a413-e88d12931189	RESERVED	saul@mail.com	8c5aa67c-30c1-4c59-986e-45da6c3b26e3	2025-05-04 20:15:19.119+00	2025-05-04 20:15:19.119+00
9c211ecc-7176-477f-8678-c0447cf10fcd	RESERVED	jim@mail.com	22e4709f-1577-440b-9d5c-2d465ea4b015	2025-05-04 20:15:38.752+00	2025-05-04 20:15:38.752+00
906c7fbe-1fda-4052-90b2-aa974ad7ba08	RESERVED	hank@mail.com	22e4709f-1577-440b-9d5c-2d465ea4b015	2025-05-04 20:15:45.539+00	2025-05-04 20:15:45.539+00
d87b1efa-6a70-4d5e-98dc-f250c599f553	RESERVED	nacho@mail.com	22e4709f-1577-440b-9d5c-2d465ea4b015	2025-05-04 20:15:55.815+00	2025-05-04 20:15:55.815+00
77cba0d2-1de4-45b0-977d-47db9060fff6	RESERVED	kim@mail.com	22e4709f-1577-440b-9d5c-2d465ea4b015	2025-05-04 20:16:03.814+00	2025-05-04 20:16:03.814+00
8aa4742d-a106-41ae-be93-fff35a5ff81a	RESERVED	lena@mail.com	70e38c3b-5a60-404e-aca8-a40b3f533ee3	2025-05-04 20:16:14.279+00	2025-05-04 20:16:14.279+00
008b39a7-db71-4abd-b064-2d0b3074df25	RESERVED	harry@mail.com	70e38c3b-5a60-404e-aca8-a40b3f533ee3	2025-05-04 20:16:22.732+00	2025-05-04 20:16:22.732+00
00c1986f-256f-4e58-9e01-5f7fa482e286	RESERVED	ron@mail.com	70e38c3b-5a60-404e-aca8-a40b3f533ee3	2025-05-04 20:16:35.87+00	2025-05-04 20:16:35.87+00
91497076-2c49-4742-ac3d-bac6c1de78c8	RESERVED	test@mail.com	1a90c150-d16f-4855-b258-e74274a6ab86	2025-05-04 20:16:54.514+00	2025-05-04 20:16:54.514+00
41ad9808-5a0e-4fd0-a2cc-970edf464f7c	RESERVED	molli@mail.com	1a90c150-d16f-4855-b258-e74274a6ab86	2025-05-04 20:17:13.065+00	2025-05-04 20:17:13.065+00
5c5e2e63-1f7b-4add-9a7a-9e0a636961e0	RESERVED	gombi@mail.com	1a90c150-d16f-4855-b258-e74274a6ab86	2025-05-04 20:17:19.958+00	2025-05-04 20:17:19.958+00
6b981d62-335e-49c2-8a4b-3be68ec3d75b	RESERVED	neo@mail.com	75ffff67-c691-4f3d-b862-aa770bbf3d94	2025-05-04 20:17:34.175+00	2025-05-04 20:17:34.175+00
ace863d2-a3cf-4ff3-bb8f-cc64dc98916c	RESERVED	morpheus@mail.com	75ffff67-c691-4f3d-b862-aa770bbf3d94	2025-05-04 20:17:48.304+00	2025-05-04 20:17:48.304+00
c076cc9d-109c-40dd-9c20-7f9e50ca9c63	RESERVED	johnwick@mail.com	75ffff67-c691-4f3d-b862-aa770bbf3d94	2025-05-04 20:17:56.281+00	2025-05-04 20:17:56.281+00
e72775a3-7b0a-48af-888d-26c6422e6fde	RESERVED	test@mail.com	10d58828-8efe-44b3-91df-1a3f6fd75c4f	2025-05-04 20:23:20.015+00	2025-05-04 20:23:20.015+00
427300a6-2fb6-4cec-9a5e-eefb59f9fe13	RESERVED	test@mail.com	10d58828-8efe-44b3-91df-1a3f6fd75c4f	2025-05-04 20:23:46.341+00	2025-05-04 20:25:03.513+00
4b4faf07-7e4e-41f1-9a18-6bcca12d8167	CANCELLED	bence@mail.com	75c5c29e-5491-48ed-92e4-bd3e12368db8	2025-05-04 20:09:35.368+00	2025-05-04 20:25:55.03+00
b7c60d65-0ef9-443d-a67a-b00b9405d5ec	CANCELLED	anna@mail.com	1818eb1a-113b-4193-9337-404decc70ac2	2025-05-04 20:07:58.736+00	2025-05-04 20:28:00.841+00
\.


--
-- Data for Name: reserved_seats; Type: TABLE DATA; Schema: public; Owner: postgres
--

COPY public.reserved_seats (id, reservation_id, seat_id, "createdAt", "updatedAt") FROM stdin;
ebed83b3-df25-419d-8b30-70354f9f1da8	fdd84ec3-df19-4154-9319-341b7fb4251b	575d8ab6-8867-4915-abc1-1635aeaf639f	2025-05-04 20:06:51.202+00	2025-05-04 20:06:51.202+00
6a0b5eeb-ff13-4023-958f-7b4716a2632d	fdd84ec3-df19-4154-9319-341b7fb4251b	d2538449-74a0-43e6-bdbb-c60afa537830	2025-05-04 20:06:51.202+00	2025-05-04 20:06:51.202+00
43f09cf5-7296-46cc-80e0-765bcac52a79	fdd84ec3-df19-4154-9319-341b7fb4251b	22c6bc2b-a3d1-4b05-b67c-f218318ed179	2025-05-04 20:06:51.202+00	2025-05-04 20:06:51.202+00
dda300ee-147f-4c14-9e69-c7f4de0488f3	0752ac5e-44e7-47e7-94d0-3feb63078619	df9f1d21-7cd7-4d05-aba4-23fd2d11d8af	2025-05-04 20:07:11.348+00	2025-05-04 20:07:11.348+00
2de03910-f353-4c72-b593-9164a6c41d69	0752ac5e-44e7-47e7-94d0-3feb63078619	57f713f3-cb60-484b-b1e2-c6759c4e877a	2025-05-04 20:07:11.349+00	2025-05-04 20:07:11.349+00
42f46392-f395-4150-9fe8-1c8384d7b0b2	0752ac5e-44e7-47e7-94d0-3feb63078619	a5a754e8-5d3e-4346-b434-5fd57ebe099d	2025-05-04 20:07:11.349+00	2025-05-04 20:07:11.349+00
0fbd4876-af63-41ed-b0d0-1e2b49afb291	d23d172c-5ba3-428d-8fa2-f3b93b61a9ec	b571ea37-f6d2-4bc2-891c-10564db4d8cc	2025-05-04 20:07:21.538+00	2025-05-04 20:07:21.538+00
428147e8-30f4-4d40-a57a-927f9db7c6fb	d23d172c-5ba3-428d-8fa2-f3b93b61a9ec	da62aa42-5483-443f-a478-9c030d56bdc4	2025-05-04 20:07:21.538+00	2025-05-04 20:07:21.538+00
731d7d67-2376-433a-819b-59ad4ceeda76	d23d172c-5ba3-428d-8fa2-f3b93b61a9ec	2fd362e9-afda-4ddc-bff0-408ccd5c1fdc	2025-05-04 20:07:21.539+00	2025-05-04 20:07:21.539+00
192423e1-9912-4a73-8962-fec979ff0e03	d23d172c-5ba3-428d-8fa2-f3b93b61a9ec	b71a5377-79e3-4198-a342-39c053acd832	2025-05-04 20:07:21.539+00	2025-05-04 20:07:21.539+00
73b6625c-9f58-4b1a-ad7b-93c478bf9090	920da481-006e-4a53-9965-6ffde71b6ef9	5805fb17-8e1d-4d9b-b7d3-27fd8d154e24	2025-05-04 20:07:37.991+00	2025-05-04 20:07:37.991+00
cc8d941f-8036-43af-90a9-748006870e38	920da481-006e-4a53-9965-6ffde71b6ef9	2c91d26c-82c8-4b1a-a913-f25d6849d428	2025-05-04 20:07:37.991+00	2025-05-04 20:07:37.991+00
d8e24bf9-d52a-400a-a633-34bdcd57d2d7	b7c60d65-0ef9-443d-a67a-b00b9405d5ec	349995eb-060a-414e-bcba-2ed587920000	2025-05-04 20:07:58.739+00	2025-05-04 20:07:58.739+00
fcc133d0-6f28-416c-9343-1f026be4b569	b7c60d65-0ef9-443d-a67a-b00b9405d5ec	5b826ea8-ada2-4319-add4-1955b2333f1b	2025-05-04 20:07:58.739+00	2025-05-04 20:07:58.739+00
c78c7a4c-fcb0-4432-9a54-a922b378902f	74c75041-d548-4d70-8632-123cb49703ce	ffa226c7-fe4f-4187-a5e1-afd260dae9d9	2025-05-04 20:08:42.24+00	2025-05-04 20:08:42.24+00
024e16a1-0289-4f14-9833-1876c719fa1f	74c75041-d548-4d70-8632-123cb49703ce	24660be4-1f51-4ed1-96d7-c08b55b1119d	2025-05-04 20:08:42.24+00	2025-05-04 20:08:42.24+00
5634fac9-2114-4bc0-86cc-5e148f02ee42	74c75041-d548-4d70-8632-123cb49703ce	46936530-7faf-49a3-9fa7-0fda6b262528	2025-05-04 20:08:42.24+00	2025-05-04 20:08:42.24+00
cf1d4e95-9cdc-410d-8f01-8830432015af	74c75041-d548-4d70-8632-123cb49703ce	0cb0cb74-b708-413b-979c-1937ff4169f2	2025-05-04 20:08:42.24+00	2025-05-04 20:08:42.24+00
8269b552-c08c-4d15-8d98-2f2fd0dbfd8c	74c75041-d548-4d70-8632-123cb49703ce	fc6ae5b5-f3d3-42bb-9008-fba22e67687e	2025-05-04 20:08:42.24+00	2025-05-04 20:08:42.24+00
9fd35bb1-54ef-4ceb-8468-08983a5b90f5	74c75041-d548-4d70-8632-123cb49703ce	1478f3f3-6e2d-4af9-a86f-b0fb816e0b38	2025-05-04 20:08:42.24+00	2025-05-04 20:08:42.24+00
e5b01276-78d4-42b1-ac78-d25095199a30	7ebac175-d623-46f6-bb3e-37d2afa80440	abfd2fc3-c082-4c7d-9855-127aba34d5aa	2025-05-04 20:09:00.387+00	2025-05-04 20:09:00.387+00
b3e4b038-f8a1-4fee-9a4a-b806c3fabeb8	5394f417-c182-4a6b-959c-a414915b5d32	f234971a-ffe3-4789-bf81-be1ca749799b	2025-05-04 20:09:09.692+00	2025-05-04 20:09:09.692+00
352d9fbb-9292-4bde-9b36-993349139c76	5394f417-c182-4a6b-959c-a414915b5d32	5f291b9d-f798-444a-b276-12baeaad6422	2025-05-04 20:09:09.692+00	2025-05-04 20:09:09.692+00
74b1de35-797e-4e88-8925-ed93e2de0e72	5394f417-c182-4a6b-959c-a414915b5d32	9883dddb-7401-403e-b930-8cef28d93584	2025-05-04 20:09:09.692+00	2025-05-04 20:09:09.692+00
271f89b2-cc8b-4519-8f6f-535aa65a0a8a	5394f417-c182-4a6b-959c-a414915b5d32	db7343c5-2bda-494e-be34-738d563e07e7	2025-05-04 20:09:09.692+00	2025-05-04 20:09:09.692+00
cb1491fd-c572-4c6a-a4a9-4e5372f4d7c0	5b9da5d1-0dae-4936-b2a9-27724c1aa892	595e6dbc-45b7-4785-b510-e25aa39afd27	2025-05-04 20:09:27.263+00	2025-05-04 20:09:27.263+00
9793bd1e-552e-45ce-a4ac-72ae56833f80	5b9da5d1-0dae-4936-b2a9-27724c1aa892	21c91a98-73a5-4bf2-b36c-8822ed5d40db	2025-05-04 20:09:27.263+00	2025-05-04 20:09:27.263+00
a916867c-2846-488d-ab65-1325b12c3f96	5b9da5d1-0dae-4936-b2a9-27724c1aa892	5dbd0b1c-7082-412f-9d0f-e36f3efd1398	2025-05-04 20:09:27.263+00	2025-05-04 20:09:27.263+00
a473dfdb-0ba9-44f0-9702-9d4b870b564b	5b9da5d1-0dae-4936-b2a9-27724c1aa892	872526c5-0de6-497e-ba4e-4f0229fc92bf	2025-05-04 20:09:27.263+00	2025-05-04 20:09:27.263+00
143eeafc-c012-4071-b47f-902cc766727c	4b4faf07-7e4e-41f1-9a18-6bcca12d8167	57f8cbb9-4be0-4806-a57e-f8c10ff3e346	2025-05-04 20:09:35.371+00	2025-05-04 20:09:35.371+00
36fa1ca9-fd7e-49d0-9d54-8b2dd23fea29	4b4faf07-7e4e-41f1-9a18-6bcca12d8167	6d995336-2e80-4c5a-b950-8ff320bd55f9	2025-05-04 20:09:35.371+00	2025-05-04 20:09:35.371+00
e2186858-ccf3-4ac7-b92d-e53990d6e9ba	4b4faf07-7e4e-41f1-9a18-6bcca12d8167	f2da5066-357f-4677-95b8-b75328d22e61	2025-05-04 20:09:35.371+00	2025-05-04 20:09:35.371+00
5d9e66a5-d1d6-4c43-99d6-50409d0a7246	a4c97910-0e5e-486a-a034-cf4d49c4932c	132a4768-df1e-4077-95c2-dab31249022c	2025-05-04 20:09:46.18+00	2025-05-04 20:09:46.18+00
aedffb55-0e80-43fa-ab06-5eb675391dbc	a4c97910-0e5e-486a-a034-cf4d49c4932c	db595ba5-705c-4ccf-810f-483722ab7f24	2025-05-04 20:09:46.18+00	2025-05-04 20:09:46.18+00
4e788f06-cc62-4ada-a461-283ba4669649	a4c97910-0e5e-486a-a034-cf4d49c4932c	7c107526-913c-434d-8442-2708f755cea3	2025-05-04 20:09:46.18+00	2025-05-04 20:09:46.18+00
925ee313-3479-41ea-887c-bfa5ca4e3542	a4c97910-0e5e-486a-a034-cf4d49c4932c	6f238569-e947-4dbb-8615-584be746bc51	2025-05-04 20:09:46.18+00	2025-05-04 20:09:46.18+00
11124153-938e-49d1-8cf5-4e34fde0e4ec	6ab05e2f-3a28-44e0-b3c9-44698d5032a5	229a4af4-45d2-4aad-94c4-7f8aa562511d	2025-05-04 20:10:23.164+00	2025-05-04 20:10:23.164+00
f45a078d-ff4f-48b8-9fe3-29ed9ddbcf48	6ab05e2f-3a28-44e0-b3c9-44698d5032a5	a744608f-cb5b-47f2-a935-5b40c9f88614	2025-05-04 20:10:23.164+00	2025-05-04 20:10:23.164+00
ee840758-a102-42d8-afdc-92d3bfed1712	6ab05e2f-3a28-44e0-b3c9-44698d5032a5	5586a1de-2b66-4c88-9946-86302bcdb30f	2025-05-04 20:10:23.164+00	2025-05-04 20:10:23.164+00
be46846f-b741-4a5a-863d-0721607185f6	487862c8-fbae-4f46-a6be-ec92482d736b	9e1d927b-d573-4436-847a-75426309b37f	2025-05-04 20:10:34.345+00	2025-05-04 20:10:34.345+00
a469e111-9820-4cd6-8abb-19f5985908c7	487862c8-fbae-4f46-a6be-ec92482d736b	3763e111-77ec-4476-8e0a-04a4ce599003	2025-05-04 20:10:34.346+00	2025-05-04 20:10:34.346+00
df7e615d-abde-4738-91cc-2c7bba54afd5	487862c8-fbae-4f46-a6be-ec92482d736b	9d96ce0f-1879-4145-af55-623e6ec0c7b1	2025-05-04 20:10:34.346+00	2025-05-04 20:10:34.346+00
ee1169a3-7e5b-4427-b07a-fc245d8a950f	cf967ffc-68fc-4a86-9485-63697c2044b7	f8e3f38b-e745-4cff-a981-20f9c268c303	2025-05-04 20:10:59.656+00	2025-05-04 20:10:59.656+00
8f381cd2-5d2f-42fc-87ea-adb29c0f715e	cf967ffc-68fc-4a86-9485-63697c2044b7	a3f5da35-4dca-41c7-9841-10185e2073ff	2025-05-04 20:10:59.657+00	2025-05-04 20:10:59.657+00
e4bece71-f3f9-4c25-a2ad-c6e4f0394539	553b61f5-6190-4a79-bcba-02fb44a52e4c	a987d160-d8eb-4079-bb3c-89b8202bbe62	2025-05-04 20:11:11.584+00	2025-05-04 20:11:11.584+00
2a5e969e-3b38-4d14-aaef-222ad55e3747	553b61f5-6190-4a79-bcba-02fb44a52e4c	10a63dab-841d-43a8-a643-a81453f19612	2025-05-04 20:11:11.584+00	2025-05-04 20:11:11.584+00
6672dfc1-68dd-4f18-94e5-f39c81830919	526e16a7-2d87-4456-80bb-c213b398f517	3763e111-77ec-4476-8e0a-04a4ce599003	2025-05-04 20:11:33.625+00	2025-05-04 20:11:33.625+00
9769e5f1-85a5-4542-999a-668a68eab87f	526e16a7-2d87-4456-80bb-c213b398f517	9d96ce0f-1879-4145-af55-623e6ec0c7b1	2025-05-04 20:11:33.625+00	2025-05-04 20:11:33.625+00
220ef2f1-aa5b-4769-ae98-4a595ecb8135	355d7a5f-a041-4df3-9521-5dc48cf6317a	a744608f-cb5b-47f2-a935-5b40c9f88614	2025-05-04 20:11:42.03+00	2025-05-04 20:11:42.03+00
3324bc96-8996-44e2-985b-5828076cd9e0	355d7a5f-a041-4df3-9521-5dc48cf6317a	229a4af4-45d2-4aad-94c4-7f8aa562511d	2025-05-04 20:11:42.029+00	2025-05-04 20:11:42.029+00
6fd279b3-cc54-4bfe-842f-d72f2ec16e9b	b7e7d2de-2dd3-4bbf-a5b8-934b5076806a	a3f5da35-4dca-41c7-9841-10185e2073ff	2025-05-04 20:11:53.921+00	2025-05-04 20:11:53.921+00
c0b8a681-1c1f-4a51-b7da-cf69ca87608d	b7e7d2de-2dd3-4bbf-a5b8-934b5076806a	ddacd3ed-ddb5-420e-9407-a686e27b560f	2025-05-04 20:11:53.921+00	2025-05-04 20:11:53.921+00
dd250955-385d-404c-9a0d-35c7c9e1a538	b7e7d2de-2dd3-4bbf-a5b8-934b5076806a	00643b00-fb13-47b9-a528-c3c8f509338d	2025-05-04 20:11:53.921+00	2025-05-04 20:11:53.921+00
a18b392a-6593-4423-a033-4e404a0f279b	b7e7d2de-2dd3-4bbf-a5b8-934b5076806a	44601c85-7b98-4b64-9e1d-c60ced8413ff	2025-05-04 20:11:53.921+00	2025-05-04 20:11:53.921+00
b71027ea-013b-4989-b3f2-1b1be2d01ba3	9a843fa9-0263-44e2-b7c4-dfb6ffd90046	c855cd30-0a06-4196-8e08-5f337cbffeee	2025-05-04 20:12:04.454+00	2025-05-04 20:12:04.454+00
990ce816-3149-44e2-89fb-b181ecbc474d	9a843fa9-0263-44e2-b7c4-dfb6ffd90046	59c2d836-77c8-4315-a4de-43fa4d12d5aa	2025-05-04 20:12:04.454+00	2025-05-04 20:12:04.454+00
8aba5b02-4b5a-414b-a7e8-f1d71b2232b6	c429bc3d-6c4e-491a-9126-2c744070932a	abfd2fc3-c082-4c7d-9855-127aba34d5aa	2025-05-04 20:12:21.44+00	2025-05-04 20:12:21.44+00
5ecd74b5-8651-45c6-b325-8a203f958fac	c429bc3d-6c4e-491a-9126-2c744070932a	24660be4-1f51-4ed1-96d7-c08b55b1119d	2025-05-04 20:12:21.44+00	2025-05-04 20:12:21.44+00
4f0af7cf-920d-43ea-b7b0-8178d7fd0eca	c429bc3d-6c4e-491a-9126-2c744070932a	ffa226c7-fe4f-4187-a5e1-afd260dae9d9	2025-05-04 20:12:21.44+00	2025-05-04 20:12:21.44+00
4d2d5871-1597-4705-855c-edb3934cac61	c429bc3d-6c4e-491a-9126-2c744070932a	46936530-7faf-49a3-9fa7-0fda6b262528	2025-05-04 20:12:21.44+00	2025-05-04 20:12:21.44+00
2b25b084-6445-431b-8f5c-569eecae0422	c429bc3d-6c4e-491a-9126-2c744070932a	0cb0cb74-b708-413b-979c-1937ff4169f2	2025-05-04 20:12:21.44+00	2025-05-04 20:12:21.44+00
4add0bd2-b7c0-47f2-a465-8e63a2ca22b8	c429bc3d-6c4e-491a-9126-2c744070932a	1478f3f3-6e2d-4af9-a86f-b0fb816e0b38	2025-05-04 20:12:21.44+00	2025-05-04 20:12:21.44+00
b6c852bb-82fa-4ff1-bb14-b21bc76b9af0	c429bc3d-6c4e-491a-9126-2c744070932a	fc6ae5b5-f3d3-42bb-9008-fba22e67687e	2025-05-04 20:12:21.44+00	2025-05-04 20:12:21.44+00
acbdb95f-18d7-491e-a142-e480ca330017	25f708c2-d97c-4afa-a4e1-7cb71d97c869	b3f43aa5-2b0f-4272-906b-81390410fa2c	2025-05-04 20:12:32.755+00	2025-05-04 20:12:32.755+00
9dddc999-e7e0-4add-a9cd-6739c50527e8	25f708c2-d97c-4afa-a4e1-7cb71d97c869	f234971a-ffe3-4789-bf81-be1ca749799b	2025-05-04 20:12:32.755+00	2025-05-04 20:12:32.755+00
be78b8ec-8348-413a-93e4-129ac7740ef2	25f708c2-d97c-4afa-a4e1-7cb71d97c869	5f291b9d-f798-444a-b276-12baeaad6422	2025-05-04 20:12:32.755+00	2025-05-04 20:12:32.755+00
c77d46f6-89b0-4f0c-8d8a-a7ad78b8f01c	25f708c2-d97c-4afa-a4e1-7cb71d97c869	9883dddb-7401-403e-b930-8cef28d93584	2025-05-04 20:12:32.755+00	2025-05-04 20:12:32.755+00
a5345368-7286-4023-941b-f9da93af1845	3bdce0a3-2e3a-4528-b95e-38f83769af0b	6d995336-2e80-4c5a-b950-8ff320bd55f9	2025-05-04 20:12:40.613+00	2025-05-04 20:12:40.613+00
87eaa618-5228-4e2c-9c46-41bad17d8114	3bdce0a3-2e3a-4528-b95e-38f83769af0b	f2da5066-357f-4677-95b8-b75328d22e61	2025-05-04 20:12:40.613+00	2025-05-04 20:12:40.613+00
b2bcef0a-258b-4067-9ed6-8a8d928d7f9b	3bdce0a3-2e3a-4528-b95e-38f83769af0b	9d8e6751-3788-4d7f-a5ca-702112357fb1	2025-05-04 20:12:40.613+00	2025-05-04 20:12:40.613+00
017bd60c-5fd0-4057-b5b5-4e12f424abfd	3bdce0a3-2e3a-4528-b95e-38f83769af0b	c8f166f6-8f33-4ecf-b39e-95f4782b6777	2025-05-04 20:12:40.613+00	2025-05-04 20:12:40.613+00
67c385b4-80fa-4e11-8953-424989185a59	3bdce0a3-2e3a-4528-b95e-38f83769af0b	aecd5852-11f8-48a4-be82-1be354509c3e	2025-05-04 20:12:40.614+00	2025-05-04 20:12:40.614+00
6ec476ba-2023-48f8-9357-128c52f0728a	7c079f61-bf2f-491d-80d5-e1c352af1ab6	c4318776-e5c2-414a-84e9-1712384d2c41	2025-05-04 20:13:07.187+00	2025-05-04 20:13:07.187+00
8355f424-f16e-409b-a09c-ce4947add855	7c079f61-bf2f-491d-80d5-e1c352af1ab6	9241aedc-6811-433a-af6f-bbf6a18c15f2	2025-05-04 20:13:07.187+00	2025-05-04 20:13:07.187+00
a7fbec30-febe-4438-b815-3542c270cfc8	7c079f61-bf2f-491d-80d5-e1c352af1ab6	0283e139-654f-4d70-af45-6db19a665a31	2025-05-04 20:13:07.187+00	2025-05-04 20:13:07.187+00
5a64d014-1518-4ea0-a499-050d025eeb52	7c079f61-bf2f-491d-80d5-e1c352af1ab6	dc1478aa-18dd-4d87-ae32-a7aa83d73590	2025-05-04 20:13:07.187+00	2025-05-04 20:13:07.187+00
03d0f20b-8f85-4f56-9f9e-2276f3cc6889	7c079f61-bf2f-491d-80d5-e1c352af1ab6	1877cebd-f6db-4462-89ea-1f46430fa4fe	2025-05-04 20:13:07.187+00	2025-05-04 20:13:07.187+00
042c70a1-64db-4bc7-8950-a564dc375542	7c079f61-bf2f-491d-80d5-e1c352af1ab6	940f4b65-32df-47f4-8420-e08793bceeef	2025-05-04 20:13:07.187+00	2025-05-04 20:13:07.187+00
a8bd917b-b3c7-4fb2-8f9e-928822b9b246	7c079f61-bf2f-491d-80d5-e1c352af1ab6	13023968-8ac7-45a4-aba1-c5616ed98255	2025-05-04 20:13:07.187+00	2025-05-04 20:13:07.187+00
42d90b48-eafa-4b91-93a7-cd749c6442e8	7c079f61-bf2f-491d-80d5-e1c352af1ab6	5a865bf5-fbe7-4b73-8844-304b176d8130	2025-05-04 20:13:07.187+00	2025-05-04 20:13:07.187+00
a57c8881-e1ba-4010-b584-52d38957717c	7c079f61-bf2f-491d-80d5-e1c352af1ab6	a86fffef-e1a8-4be9-9c93-efb06f8ed0dd	2025-05-04 20:13:07.187+00	2025-05-04 20:13:07.187+00
357a6561-8044-41b8-83cd-aeccc812f0fe	7c079f61-bf2f-491d-80d5-e1c352af1ab6	2b63505f-ddba-4d6a-9b1f-415c7cc9b27a	2025-05-04 20:13:07.187+00	2025-05-04 20:13:07.187+00
855429a7-0919-44e8-ab97-964cd131510a	7c079f61-bf2f-491d-80d5-e1c352af1ab6	8fc0e137-0c64-4f73-b9a3-60c34b21e312	2025-05-04 20:13:07.187+00	2025-05-04 20:13:07.187+00
3481c872-e3e5-461b-8969-3eb494844d4a	b8dcc16a-6aed-4422-b121-2d21702c2ba6	abfd2fc3-c082-4c7d-9855-127aba34d5aa	2025-05-04 20:13:26.014+00	2025-05-04 20:13:26.014+00
ad205bd6-68f6-40ab-81df-3050c3597487	b8dcc16a-6aed-4422-b121-2d21702c2ba6	ffa226c7-fe4f-4187-a5e1-afd260dae9d9	2025-05-04 20:13:26.014+00	2025-05-04 20:13:26.014+00
ec4ec935-4d11-446d-982b-3dae5859560f	b8dcc16a-6aed-4422-b121-2d21702c2ba6	24660be4-1f51-4ed1-96d7-c08b55b1119d	2025-05-04 20:13:26.014+00	2025-05-04 20:13:26.014+00
9a560ea2-7c6a-4c41-88fd-f83159c088ac	b8dcc16a-6aed-4422-b121-2d21702c2ba6	46936530-7faf-49a3-9fa7-0fda6b262528	2025-05-04 20:13:26.014+00	2025-05-04 20:13:26.014+00
2bed6eab-63ed-4cde-8728-265fa12e8971	820e16e9-8d21-43dd-88df-886ccc4f7073	5f291b9d-f798-444a-b276-12baeaad6422	2025-05-04 20:13:33.336+00	2025-05-04 20:13:33.336+00
64536669-2cb4-4bad-9898-7bd1e1d2b6d4	820e16e9-8d21-43dd-88df-886ccc4f7073	9883dddb-7401-403e-b930-8cef28d93584	2025-05-04 20:13:33.336+00	2025-05-04 20:13:33.336+00
992837db-49e2-4576-9b9f-c85bf04a4dd9	2f277c13-0a6a-4fe8-a934-bb07a5c65fe1	21adfbf5-0837-450a-9add-98cd49f29a57	2025-05-04 20:13:40.198+00	2025-05-04 20:13:40.198+00
2d50d2b0-b66b-40e1-bf30-966f985a08b0	2f277c13-0a6a-4fe8-a934-bb07a5c65fe1	e80c909c-0c17-41b1-a765-8722ab685e54	2025-05-04 20:13:40.198+00	2025-05-04 20:13:40.198+00
813c4028-0ca8-421d-8d94-26af9c479059	2f277c13-0a6a-4fe8-a934-bb07a5c65fe1	3d4068ad-34ba-4abb-b34c-937401d33658	2025-05-04 20:13:40.198+00	2025-05-04 20:13:40.198+00
d3869d1a-0764-4a2c-bf1e-07b50147b57c	e290ce24-9387-4ce9-b738-e57352efd81e	f04d0d2a-38a3-4386-8c83-2ab8e1e4d925	2025-05-04 20:14:28.898+00	2025-05-04 20:14:28.898+00
f74eb864-b408-4429-bba4-5c9b5d7a9a4e	e290ce24-9387-4ce9-b738-e57352efd81e	c7aae76a-a2cb-4254-b18e-9142d50600c0	2025-05-04 20:14:28.899+00	2025-05-04 20:14:28.899+00
f0f9c6f0-1558-4014-a87f-da65a9f200a7	e290ce24-9387-4ce9-b738-e57352efd81e	5805fb17-8e1d-4d9b-b7d3-27fd8d154e24	2025-05-04 20:14:28.899+00	2025-05-04 20:14:28.899+00
738a1fb2-2547-4518-81a6-320e8ee344e5	e290ce24-9387-4ce9-b738-e57352efd81e	0db312d5-28b6-4eea-bb05-fa30f932e185	2025-05-04 20:14:28.899+00	2025-05-04 20:14:28.899+00
90da5add-f1a0-4b35-b9c5-5412afe12549	da0d8613-b7e5-4ef1-b3a8-0912804b5aa6	1478f3f3-6e2d-4af9-a86f-b0fb816e0b38	2025-05-04 20:14:58.983+00	2025-05-04 20:14:58.983+00
c7737bc7-2892-4627-ab68-0b81114b57fd	f05a26ba-3fa3-4507-a413-e88d12931189	febf0da5-e2fa-49d1-ae5f-a59c267c168a	2025-05-04 20:15:19.123+00	2025-05-04 20:15:19.123+00
d3cbff98-0471-4b1e-ae51-89b14d0051d5	906c7fbe-1fda-4052-90b2-aa974ad7ba08	6d995336-2e80-4c5a-b950-8ff320bd55f9	2025-05-04 20:15:45.543+00	2025-05-04 20:15:45.543+00
0d9f7e7d-43b7-4ff8-953a-84a51c281d96	77cba0d2-1de4-45b0-977d-47db9060fff6	5f291b9d-f798-444a-b276-12baeaad6422	2025-05-04 20:16:03.818+00	2025-05-04 20:16:03.818+00
95d2e194-b63d-4f27-bab9-d8219da0509c	8aa4742d-a106-41ae-be93-fff35a5ff81a	a0cb443f-9066-4d23-8fb3-bdf18e070c8d	2025-05-04 20:16:14.281+00	2025-05-04 20:16:14.281+00
b6ba95cb-378e-4d49-a4b6-fbeb66abe91e	8aa4742d-a106-41ae-be93-fff35a5ff81a	2fef3a8e-6c0c-4d04-91da-f6245d6e98a3	2025-05-04 20:16:14.281+00	2025-05-04 20:16:14.281+00
5817b525-661c-46a6-b27e-ba183e81d0f0	8aa4742d-a106-41ae-be93-fff35a5ff81a	575d8ab6-8867-4915-abc1-1635aeaf639f	2025-05-04 20:16:14.281+00	2025-05-04 20:16:14.281+00
b90676cd-06d3-4750-af51-d3af5f83ddf7	8aa4742d-a106-41ae-be93-fff35a5ff81a	d2538449-74a0-43e6-bdbb-c60afa537830	2025-05-04 20:16:14.281+00	2025-05-04 20:16:14.281+00
4e13c57f-f3cc-4d7d-9fe0-f30cd29c6e49	91497076-2c49-4742-ac3d-bac6c1de78c8	2de080f7-3a19-4838-82b2-2dbb82ff3fdf	2025-05-04 20:16:54.52+00	2025-05-04 20:16:54.52+00
7f37389a-3742-4ba7-bae3-357016d1f52a	91497076-2c49-4742-ac3d-bac6c1de78c8	35983479-cf8b-4a17-b64f-139da4bfa8ef	2025-05-04 20:16:54.52+00	2025-05-04 20:16:54.52+00
d404dae8-5f21-4d2e-97db-f27a0fb416e5	91497076-2c49-4742-ac3d-bac6c1de78c8	7444b205-67d2-499b-9007-1c795f717191	2025-05-04 20:16:54.52+00	2025-05-04 20:16:54.52+00
31b5484f-3751-40e2-8fc4-ff0ef5bf2e27	91497076-2c49-4742-ac3d-bac6c1de78c8	42cf3c68-295b-4dae-891c-05ada6458f7c	2025-05-04 20:16:54.52+00	2025-05-04 20:16:54.52+00
1f4ee947-6b57-465f-b488-a4911cfb3fc8	ace863d2-a3cf-4ff3-bb8f-cc64dc98916c	9e1d927b-d573-4436-847a-75426309b37f	2025-05-04 20:17:48.306+00	2025-05-04 20:17:48.306+00
b09b11ad-7609-447b-a476-cd60a627bfc8	ace863d2-a3cf-4ff3-bb8f-cc64dc98916c	9d96ce0f-1879-4145-af55-623e6ec0c7b1	2025-05-04 20:17:48.306+00	2025-05-04 20:17:48.306+00
ad27c19f-d87b-4d3b-9fc5-ef0f3f01ea49	ace863d2-a3cf-4ff3-bb8f-cc64dc98916c	3763e111-77ec-4476-8e0a-04a4ce599003	2025-05-04 20:17:48.306+00	2025-05-04 20:17:48.306+00
35ed66f7-7b15-450a-96e9-3970d5ac9a9f	c076cc9d-109c-40dd-9c20-7f9e50ca9c63	531ddd1f-950d-4a90-a336-9b5b3f7e2108	2025-05-04 20:17:56.284+00	2025-05-04 20:17:56.284+00
4102099e-9323-4be2-ad1d-812d06c8669a	427300a6-2fb6-4cec-9a5e-eefb59f9fe13	4df43ddb-a030-44c4-85f7-a825eb2f8afa	2025-05-04 20:23:46.344+00	2025-05-04 20:23:46.344+00
4fad270a-bd36-4548-9698-fe21eabf5ab5	820e16e9-8d21-43dd-88df-886ccc4f7073	6d7051f7-a691-49c7-b794-67929eb97359	2025-05-04 20:13:33.336+00	2025-05-04 20:13:33.336+00
e48265af-b20c-45b9-9675-0fe7fd8b8c45	2f277c13-0a6a-4fe8-a934-bb07a5c65fe1	7edf028d-0584-4073-901d-853413ff2674	2025-05-04 20:13:40.198+00	2025-05-04 20:13:40.198+00
ac80dee5-3cc6-460b-8ee2-a00223b6f97e	01d022bd-b8fe-4e34-aba8-a345de8c74dd	a0cb443f-9066-4d23-8fb3-bdf18e070c8d	2025-05-04 20:13:52.195+00	2025-05-04 20:13:52.195+00
19956560-69ed-4e9f-844c-dd18d234cd97	01d022bd-b8fe-4e34-aba8-a345de8c74dd	2fef3a8e-6c0c-4d04-91da-f6245d6e98a3	2025-05-04 20:13:52.195+00	2025-05-04 20:13:52.195+00
580e037d-1c22-4a32-b661-543d3ffa1a8b	01d022bd-b8fe-4e34-aba8-a345de8c74dd	575d8ab6-8867-4915-abc1-1635aeaf639f	2025-05-04 20:13:52.195+00	2025-05-04 20:13:52.195+00
23580837-21d1-46d9-938a-87e28a7a9604	16dd5124-e7df-4a2b-8078-5f479fd5c514	df9f1d21-7cd7-4d05-aba4-23fd2d11d8af	2025-05-04 20:13:59.396+00	2025-05-04 20:13:59.396+00
e928225c-f907-4d92-b18a-5e70c21c48c0	c1c8d872-7aaa-4451-a5bc-4f41a41721d6	c4318776-e5c2-414a-84e9-1712384d2c41	2025-05-04 20:14:49.604+00	2025-05-04 20:14:49.604+00
4dd04dba-b248-43cb-8e2d-993d0e2e37ed	c1c8d872-7aaa-4451-a5bc-4f41a41721d6	9241aedc-6811-433a-af6f-bbf6a18c15f2	2025-05-04 20:14:49.604+00	2025-05-04 20:14:49.604+00
babd36ac-a0d8-4e9a-9038-a716508129bb	c1c8d872-7aaa-4451-a5bc-4f41a41721d6	0283e139-654f-4d70-af45-6db19a665a31	2025-05-04 20:14:49.604+00	2025-05-04 20:14:49.604+00
e03fadb5-d2c1-4dea-ac46-6f3241a40429	c1c8d872-7aaa-4451-a5bc-4f41a41721d6	dc1478aa-18dd-4d87-ae32-a7aa83d73590	2025-05-04 20:14:49.604+00	2025-05-04 20:14:49.604+00
f8c6f130-1c0e-4363-9d84-623bc527266a	c1c8d872-7aaa-4451-a5bc-4f41a41721d6	1877cebd-f6db-4462-89ea-1f46430fa4fe	2025-05-04 20:14:49.604+00	2025-05-04 20:14:49.604+00
857bcc26-d0bc-4c07-94bd-b3c4cd0d7c92	da0d8613-b7e5-4ef1-b3a8-0912804b5aa6	3ed0b279-2f4e-44a8-a287-3f85694a87b0	2025-05-04 20:14:58.983+00	2025-05-04 20:14:58.983+00
6cbf96f3-c648-4bc4-afec-c9168c2d44ea	8e082a77-595c-4af2-955d-13bb415571bf	b69c62dc-2bf6-4a45-a565-84d806f5e116	2025-05-04 20:15:12.515+00	2025-05-04 20:15:12.515+00
4fc12213-064f-4143-9717-5ab931ad6982	8e082a77-595c-4af2-955d-13bb415571bf	b3f43aa5-2b0f-4272-906b-81390410fa2c	2025-05-04 20:15:12.515+00	2025-05-04 20:15:12.515+00
84f4390c-9b42-4254-ba0e-8c940eda7730	8e082a77-595c-4af2-955d-13bb415571bf	f234971a-ffe3-4789-bf81-be1ca749799b	2025-05-04 20:15:12.515+00	2025-05-04 20:15:12.515+00
5b3da0db-79c8-4bc1-9af9-85d4899a73ad	8e082a77-595c-4af2-955d-13bb415571bf	5f291b9d-f798-444a-b276-12baeaad6422	2025-05-04 20:15:12.515+00	2025-05-04 20:15:12.515+00
06902341-9aab-49d3-b82f-342650990734	f05a26ba-3fa3-4507-a413-e88d12931189	a760b39d-383d-4bbe-b1bf-29b95d65291e	2025-05-04 20:15:19.123+00	2025-05-04 20:15:19.123+00
f7eb3c85-8ad4-4115-ad46-552098b8c421	906c7fbe-1fda-4052-90b2-aa974ad7ba08	57f8cbb9-4be0-4806-a57e-f8c10ff3e346	2025-05-04 20:15:45.543+00	2025-05-04 20:15:45.543+00
65ccf14f-5e2d-408d-8a86-3f09e999eaf0	008b39a7-db71-4abd-b064-2d0b3074df25	b571ea37-f6d2-4bc2-891c-10564db4d8cc	2025-05-04 20:16:22.736+00	2025-05-04 20:16:22.736+00
daabb460-8417-40c6-8fd3-c5bcbfea9936	41ad9808-5a0e-4fd0-a2cc-970edf464f7c	f04d0d2a-38a3-4386-8c83-2ab8e1e4d925	2025-05-04 20:17:13.068+00	2025-05-04 20:17:13.068+00
939ee519-aebd-4238-abc1-de869e22639f	41ad9808-5a0e-4fd0-a2cc-970edf464f7c	c7aae76a-a2cb-4254-b18e-9142d50600c0	2025-05-04 20:17:13.068+00	2025-05-04 20:17:13.068+00
a56a5754-1bbc-4f17-9849-e3ae1afbf546	41ad9808-5a0e-4fd0-a2cc-970edf464f7c	5805fb17-8e1d-4d9b-b7d3-27fd8d154e24	2025-05-04 20:17:13.068+00	2025-05-04 20:17:13.068+00
122ecde9-e00d-49c7-814b-a8fa710edcc8	41ad9808-5a0e-4fd0-a2cc-970edf464f7c	2c91d26c-82c8-4b1a-a913-f25d6849d428	2025-05-04 20:17:13.068+00	2025-05-04 20:17:13.068+00
f9c75b9f-5812-4793-b5cf-369761085cdd	41ad9808-5a0e-4fd0-a2cc-970edf464f7c	0db312d5-28b6-4eea-bb05-fa30f932e185	2025-05-04 20:17:13.068+00	2025-05-04 20:17:13.068+00
77667ca7-80d5-42e3-b818-d33ad457daae	c076cc9d-109c-40dd-9c20-7f9e50ca9c63	e0fd435b-1718-4f57-98b2-dafc2cdd6583	2025-05-04 20:17:56.284+00	2025-05-04 20:17:56.284+00
ad1608a6-ca07-4377-9a9b-e542f3616e78	c076cc9d-109c-40dd-9c20-7f9e50ca9c63	5dfbd6b4-9d25-4580-bf77-1381ff990b9e	2025-05-04 20:17:56.284+00	2025-05-04 20:17:56.284+00
59d237f1-923e-4b2c-bc81-683a046f03d9	820e16e9-8d21-43dd-88df-886ccc4f7073	db7343c5-2bda-494e-be34-738d563e07e7	2025-05-04 20:13:33.336+00	2025-05-04 20:13:33.336+00
2c8776f0-42b4-4a82-aa78-69082e0daa63	2f277c13-0a6a-4fe8-a934-bb07a5c65fe1	1f4a7d60-1f49-40e5-a3f8-82fad6e0afcb	2025-05-04 20:13:40.198+00	2025-05-04 20:13:40.198+00
36458c4f-d377-4e03-8d89-4ce167932999	16dd5124-e7df-4a2b-8078-5f479fd5c514	d2538449-74a0-43e6-bdbb-c60afa537830	2025-05-04 20:13:59.396+00	2025-05-04 20:13:59.396+00
4e199785-6769-46c5-b144-88a8d03de6e7	c1c8d872-7aaa-4451-a5bc-4f41a41721d6	940f4b65-32df-47f4-8420-e08793bceeef	2025-05-04 20:14:49.604+00	2025-05-04 20:14:49.604+00
df9aadf5-0029-437f-b5a4-13e395165b87	da0d8613-b7e5-4ef1-b3a8-0912804b5aa6	0cb0cb74-b708-413b-979c-1937ff4169f2	2025-05-04 20:14:58.983+00	2025-05-04 20:14:58.983+00
5afe15b9-0c4f-446d-9dc7-bd0ad5172394	f05a26ba-3fa3-4507-a413-e88d12931189	c9b23dab-4835-4878-b2ac-376c4eaa76a4	2025-05-04 20:15:19.123+00	2025-05-04 20:15:19.123+00
3bd5749f-86f0-4f66-850f-a01f73100692	9c211ecc-7176-477f-8678-c0447cf10fcd	abfd2fc3-c082-4c7d-9855-127aba34d5aa	2025-05-04 20:15:38.755+00	2025-05-04 20:15:38.755+00
483ee46c-8912-4478-af9c-542ccb116fc0	9c211ecc-7176-477f-8678-c0447cf10fcd	ffa226c7-fe4f-4187-a5e1-afd260dae9d9	2025-05-04 20:15:38.755+00	2025-05-04 20:15:38.755+00
55fc2221-0702-49bb-a94f-a99c895d8a0a	9c211ecc-7176-477f-8678-c0447cf10fcd	24660be4-1f51-4ed1-96d7-c08b55b1119d	2025-05-04 20:15:38.755+00	2025-05-04 20:15:38.755+00
2408c288-3e68-4026-808a-2889d8eec633	9c211ecc-7176-477f-8678-c0447cf10fcd	46936530-7faf-49a3-9fa7-0fda6b262528	2025-05-04 20:15:38.755+00	2025-05-04 20:15:38.755+00
eba29056-a79e-42ab-9d3d-e0251c8e7832	9c211ecc-7176-477f-8678-c0447cf10fcd	0cb0cb74-b708-413b-979c-1937ff4169f2	2025-05-04 20:15:38.755+00	2025-05-04 20:15:38.755+00
4b149b7a-7e6f-46cc-8589-8dd8a91301a6	906c7fbe-1fda-4052-90b2-aa974ad7ba08	f2da5066-357f-4677-95b8-b75328d22e61	2025-05-04 20:15:45.543+00	2025-05-04 20:15:45.543+00
964e4da0-1240-444b-8fe7-e85dd53ae52c	d87b1efa-6a70-4d5e-98dc-f250c599f553	c9b23dab-4835-4878-b2ac-376c4eaa76a4	2025-05-04 20:15:55.818+00	2025-05-04 20:15:55.818+00
18abef88-e54d-4c00-8268-3f2de2b58c70	d87b1efa-6a70-4d5e-98dc-f250c599f553	febf0da5-e2fa-49d1-ae5f-a59c267c168a	2025-05-04 20:15:55.818+00	2025-05-04 20:15:55.818+00
a36af254-e549-4fd0-ad4d-13ecb9f60476	d87b1efa-6a70-4d5e-98dc-f250c599f553	a760b39d-383d-4bbe-b1bf-29b95d65291e	2025-05-04 20:15:55.818+00	2025-05-04 20:15:55.818+00
bf32fce3-04a9-48b2-9d4c-8a6a99323631	d87b1efa-6a70-4d5e-98dc-f250c599f553	9daf25e9-0978-4422-90d6-75b6edc3c25f	2025-05-04 20:15:55.818+00	2025-05-04 20:15:55.818+00
550a949b-05f4-4f17-a8cc-7ad6fbf1e38c	d87b1efa-6a70-4d5e-98dc-f250c599f553	871e6c58-4bbb-4c76-91d7-da4682ebab2e	2025-05-04 20:15:55.818+00	2025-05-04 20:15:55.818+00
c727c4a6-9222-443a-88b6-7d3598bb6d36	d87b1efa-6a70-4d5e-98dc-f250c599f553	b8fb0a69-8254-403b-b827-4335bb8ba634	2025-05-04 20:15:55.818+00	2025-05-04 20:15:55.818+00
08ccc7c1-f69e-4a88-a682-5109e1457de9	008b39a7-db71-4abd-b064-2d0b3074df25	b71a5377-79e3-4198-a342-39c053acd832	2025-05-04 20:16:22.736+00	2025-05-04 20:16:22.736+00
5e16a3ad-72d0-466c-9fb0-e42b756d89e0	00c1986f-256f-4e58-9e01-5f7fa482e286	f04d0d2a-38a3-4386-8c83-2ab8e1e4d925	2025-05-04 20:16:35.873+00	2025-05-04 20:16:35.873+00
d22dec94-1614-4638-865c-4b433f6ef2df	00c1986f-256f-4e58-9e01-5f7fa482e286	c7aae76a-a2cb-4254-b18e-9142d50600c0	2025-05-04 20:16:35.873+00	2025-05-04 20:16:35.873+00
b56b5b35-d37d-4478-9859-eea69afe7d29	00c1986f-256f-4e58-9e01-5f7fa482e286	0db312d5-28b6-4eea-bb05-fa30f932e185	2025-05-04 20:16:35.873+00	2025-05-04 20:16:35.873+00
850ec0c3-a46a-457e-aaa9-bcfc5a219e61	5c5e2e63-1f7b-4add-9a7a-9e0a636961e0	b571ea37-f6d2-4bc2-891c-10564db4d8cc	2025-05-04 20:17:19.963+00	2025-05-04 20:17:19.963+00
aa8a3d5d-5f01-4cac-891e-b219bfbe7710	c076cc9d-109c-40dd-9c20-7f9e50ca9c63	22147de1-06b9-4393-a774-2cfc4123e6ca	2025-05-04 20:17:56.284+00	2025-05-04 20:17:56.284+00
8f3e38b1-0efe-46e2-8865-d1fe9447ad5e	16dd5124-e7df-4a2b-8078-5f479fd5c514	22c6bc2b-a3d1-4b05-b67c-f218318ed179	2025-05-04 20:13:59.396+00	2025-05-04 20:13:59.396+00
dd9a3bfa-1b4e-498a-b54f-4749b71e07a3	f2f1bd0f-603c-48bc-a93a-d960a896657d	b571ea37-f6d2-4bc2-891c-10564db4d8cc	2025-05-04 20:14:10.761+00	2025-05-04 20:14:10.761+00
4ea4e1a9-a6ac-4219-a776-7bca0d8c3dc1	f2f1bd0f-603c-48bc-a93a-d960a896657d	2fd362e9-afda-4ddc-bff0-408ccd5c1fdc	2025-05-04 20:14:10.761+00	2025-05-04 20:14:10.761+00
fd8ec6da-101b-4ae9-b83d-4dbfbb19f326	f2f1bd0f-603c-48bc-a93a-d960a896657d	b71a5377-79e3-4198-a342-39c053acd832	2025-05-04 20:14:10.761+00	2025-05-04 20:14:10.761+00
5486c484-26c6-473b-b693-ca6265404cd8	f2f1bd0f-603c-48bc-a93a-d960a896657d	90e56dfe-e8a7-47ae-bd29-a00099a1cfc8	2025-05-04 20:14:10.761+00	2025-05-04 20:14:10.761+00
b9e3654d-6d73-4979-a846-de307855b9bf	f2f1bd0f-603c-48bc-a93a-d960a896657d	e5289d4b-ab50-45cb-8d0f-6adb979c6e12	2025-05-04 20:14:10.761+00	2025-05-04 20:14:10.761+00
71df205a-64f5-4ba6-8847-d0bad72039ca	da0d8613-b7e5-4ef1-b3a8-0912804b5aa6	fc6ae5b5-f3d3-42bb-9008-fba22e67687e	2025-05-04 20:14:58.983+00	2025-05-04 20:14:58.983+00
c3cbe988-892a-4684-b85f-ce47e95c28e0	f05a26ba-3fa3-4507-a413-e88d12931189	9daf25e9-0978-4422-90d6-75b6edc3c25f	2025-05-04 20:15:19.123+00	2025-05-04 20:15:19.123+00
4f7a3b5e-27d7-497d-9e6f-850715e8b63f	906c7fbe-1fda-4052-90b2-aa974ad7ba08	872526c5-0de6-497e-ba4e-4f0229fc92bf	2025-05-04 20:15:45.543+00	2025-05-04 20:15:45.543+00
d6a1a41c-772a-41bb-86d7-b9809ea5574a	d87b1efa-6a70-4d5e-98dc-f250c599f553	2626caec-7770-407c-a4e2-46c2cef845f5	2025-05-04 20:15:55.818+00	2025-05-04 20:15:55.818+00
283fe402-e097-49af-999f-5ad43cb1b77b	77cba0d2-1de4-45b0-977d-47db9060fff6	f234971a-ffe3-4789-bf81-be1ca749799b	2025-05-04 20:16:03.818+00	2025-05-04 20:16:03.818+00
01f9dfc1-5456-4f40-89cb-f1a8ab43d762	008b39a7-db71-4abd-b064-2d0b3074df25	2fd362e9-afda-4ddc-bff0-408ccd5c1fdc	2025-05-04 20:16:22.736+00	2025-05-04 20:16:22.736+00
1fa9a4d0-01ab-4527-b72e-2c5a0f4a44bd	5c5e2e63-1f7b-4add-9a7a-9e0a636961e0	2fd362e9-afda-4ddc-bff0-408ccd5c1fdc	2025-05-04 20:17:19.963+00	2025-05-04 20:17:19.963+00
37451007-861b-4b38-aa88-72a4af1c3f6c	6b981d62-335e-49c2-8a4b-3be68ec3d75b	9949b091-67ed-437b-83dc-7118cd06cd3d	2025-05-04 20:17:34.178+00	2025-05-04 20:17:34.178+00
49d6a8fd-514f-4dc0-a6d5-b8d3de421fbe	6b981d62-335e-49c2-8a4b-3be68ec3d75b	229a4af4-45d2-4aad-94c4-7f8aa562511d	2025-05-04 20:17:34.178+00	2025-05-04 20:17:34.178+00
8a193e2a-aeac-4336-bee7-8be549a51d61	6b981d62-335e-49c2-8a4b-3be68ec3d75b	a744608f-cb5b-47f2-a935-5b40c9f88614	2025-05-04 20:17:34.179+00	2025-05-04 20:17:34.179+00
ab907e5b-0c20-4241-8d31-ecb07dd0afb5	6b981d62-335e-49c2-8a4b-3be68ec3d75b	5586a1de-2b66-4c88-9946-86302bcdb30f	2025-05-04 20:17:34.179+00	2025-05-04 20:17:34.179+00
24d8cd67-255a-48ad-9cd9-d699ab500d69	6b981d62-335e-49c2-8a4b-3be68ec3d75b	c2f47953-0c07-4e94-be51-fe1c160a03d7	2025-05-04 20:17:34.179+00	2025-05-04 20:17:34.179+00
6f38c9aa-9d12-465f-a363-88689245b1b1	e72775a3-7b0a-48af-888d-26c6422e6fde	dd069c61-5f79-40cc-8476-add92927504c	2025-05-04 20:23:20.02+00	2025-05-04 20:23:20.02+00
\.


--
-- Data for Name: rooms; Type: TABLE DATA; Schema: public; Owner: postgres
--

COPY public.rooms (id, name, capacity, "createdAt", "updatedAt") FROM stdin;
1ad86fa9-de0a-484b-9e20-91f2a1d2e567	Room 1	138	2025-05-04 19:32:31.734+00	2025-05-04 19:32:31.734+00
c309373e-5515-46de-b1e7-88053c60e058	Room 2	64	2025-05-04 19:33:08.258+00	2025-05-04 19:33:08.258+00
aa93ada3-89dc-46d8-9e6c-5b52e02e1fd5	Room 3	103	2025-05-04 19:33:58.066+00	2025-05-04 19:33:58.066+00
\.


--
-- Data for Name: screenings; Type: TABLE DATA; Schema: public; Owner: postgres
--

COPY public.screenings (id, start_time, end_time, movie_id, room_id, "createdAt", "updatedAt") FROM stdin;
22e4709f-1577-440b-9d5c-2d465ea4b015	2025-05-14 23:00:00+00	2025-05-15 01:00:00+00	b7f3c552-5c43-4f98-b101-869d68fcb456	1ad86fa9-de0a-484b-9e20-91f2a1d2e567	2025-05-04 19:45:41.066+00	2025-05-04 19:45:41.066+00
70e38c3b-5a60-404e-aca8-a40b3f533ee3	2025-05-13 20:00:00+00	2025-05-13 21:00:00+00	b7f3c552-5c43-4f98-b101-869d68fcb456	c309373e-5515-46de-b1e7-88053c60e058	2025-05-04 19:45:46.843+00	2025-05-04 19:45:46.843+00
c8ffb9d1-1f43-45dd-93ca-c016492d5e5c	2025-05-14 19:00:00+00	2025-05-14 21:00:00+00	9b336bbf-7964-444c-a413-6956609dd81e	aa93ada3-89dc-46d8-9e6c-5b52e02e1fd5	2025-05-04 19:45:53.664+00	2025-05-04 19:45:53.664+00
1a90c150-d16f-4855-b258-e74274a6ab86	2025-05-15 13:00:00+00	2025-05-15 14:00:00+00	b7f3c552-5c43-4f98-b101-869d68fcb456	c309373e-5515-46de-b1e7-88053c60e058	2025-05-04 19:45:58.786+00	2025-05-04 19:45:58.786+00
76e8344d-5e06-4f1b-86a4-7bd6594c0f92	2025-05-09 15:00:00+00	2025-05-09 16:00:00+00	edfc839a-7de5-43d2-a124-1d184bd57852	c309373e-5515-46de-b1e7-88053c60e058	2025-05-04 19:46:04.126+00	2025-05-04 19:46:04.126+00
8c5aa67c-30c1-4c59-986e-45da6c3b26e3	2025-05-08 13:00:00+00	2025-05-08 14:00:00+00	edfc839a-7de5-43d2-a124-1d184bd57852	1ad86fa9-de0a-484b-9e20-91f2a1d2e567	2025-05-04 19:46:09.497+00	2025-05-04 19:46:09.497+00
bbc88d9d-71c0-4a93-8fcf-f7322d01dd88	2025-05-09 13:00:00+00	2025-05-09 15:00:00+00	9b336bbf-7964-444c-a413-6956609dd81e	aa93ada3-89dc-46d8-9e6c-5b52e02e1fd5	2025-05-04 19:46:15.034+00	2025-05-04 19:46:15.034+00
60649c17-3ae1-46ff-913b-f941afefb162	2025-05-09 18:00:00+00	2025-05-09 20:00:00+00	9b336bbf-7964-444c-a413-6956609dd81e	1ad86fa9-de0a-484b-9e20-91f2a1d2e567	2025-05-04 19:46:19.65+00	2025-05-04 19:46:19.65+00
1818eb1a-113b-4193-9337-404decc70ac2	2025-05-16 21:00:00+00	2025-05-16 22:00:00+00	482bb570-3661-4455-9225-ad8f6e9fe06c	c309373e-5515-46de-b1e7-88053c60e058	2025-05-04 19:46:26.718+00	2025-05-04 19:46:26.718+00
10d58828-8efe-44b3-91df-1a3f6fd75c4f	2025-05-09 15:00:00+00	2025-05-09 17:00:00+00	9b336bbf-7964-444c-a413-6956609dd81e	1ad86fa9-de0a-484b-9e20-91f2a1d2e567	2025-05-04 19:46:32.267+00	2025-05-04 19:46:32.267+00
75c5c29e-5491-48ed-92e4-bd3e12368db8	2025-05-10 15:00:00+00	2025-05-10 17:00:00+00	62c9246e-6145-4f4d-a5cb-152dcc97ac3e	1ad86fa9-de0a-484b-9e20-91f2a1d2e567	2025-05-04 19:56:35.813+00	2025-05-04 19:56:35.813+00
75ffff67-c691-4f3d-b862-aa770bbf3d94	2025-05-10 15:00:00+00	2025-05-10 17:00:00+00	f48c696c-bf8d-4383-8980-08eae07cc410	aa93ada3-89dc-46d8-9e6c-5b52e02e1fd5	2025-05-04 19:56:59.531+00	2025-05-04 19:56:59.531+00
\.


--
-- Data for Name: seats; Type: TABLE DATA; Schema: public; Owner: postgres
--

COPY public.seats (id, row_number, seat_number, room_id, "createdAt", "updatedAt") FROM stdin;
1b9ea5da-2b93-4286-9e90-dd368b9beb74	0	1	1ad86fa9-de0a-484b-9e20-91f2a1d2e567	2025-05-04 19:32:31.762+00	2025-05-04 19:32:31.762+00
4197526e-758b-40e0-8a6f-300804f8a76c	1	1	1ad86fa9-de0a-484b-9e20-91f2a1d2e567	2025-05-04 19:32:31.763+00	2025-05-04 19:32:31.763+00
54c9a29a-5068-47c5-a75a-ac7c6dcc4e19	2	1	1ad86fa9-de0a-484b-9e20-91f2a1d2e567	2025-05-04 19:32:31.763+00	2025-05-04 19:32:31.763+00
d6071393-bd40-4f7a-96ff-85da2e5873e8	3	1	1ad86fa9-de0a-484b-9e20-91f2a1d2e567	2025-05-04 19:32:31.763+00	2025-05-04 19:32:31.763+00
57a4d791-d177-4d40-b812-b520f0d7fdbe	4	1	1ad86fa9-de0a-484b-9e20-91f2a1d2e567	2025-05-04 19:32:31.763+00	2025-05-04 19:32:31.763+00
ec641594-b414-4553-b156-2abbc916b485	5	1	1ad86fa9-de0a-484b-9e20-91f2a1d2e567	2025-05-04 19:32:31.763+00	2025-05-04 19:32:31.763+00
dd48d8f9-8e31-468f-9f1f-e1f62b6a05da	6	1	1ad86fa9-de0a-484b-9e20-91f2a1d2e567	2025-05-04 19:32:31.763+00	2025-05-04 19:32:31.763+00
a976a5f6-61ca-485b-b77d-33b0b8012ad2	7	1	1ad86fa9-de0a-484b-9e20-91f2a1d2e567	2025-05-04 19:32:31.763+00	2025-05-04 19:32:31.763+00
c4318776-e5c2-414a-84e9-1712384d2c41	8	1	1ad86fa9-de0a-484b-9e20-91f2a1d2e567	2025-05-04 19:32:31.763+00	2025-05-04 19:32:31.763+00
1981ec89-0e59-4438-8693-410067b43c9b	10	1	1ad86fa9-de0a-484b-9e20-91f2a1d2e567	2025-05-04 19:32:31.763+00	2025-05-04 19:32:31.763+00
44213a08-9e2c-4f75-8a6d-ef1a5253458d	9	1	1ad86fa9-de0a-484b-9e20-91f2a1d2e567	2025-05-04 19:32:31.763+00	2025-05-04 19:32:31.763+00
d73668c1-3ae7-49fc-9f2d-9c60471986fc	11	1	1ad86fa9-de0a-484b-9e20-91f2a1d2e567	2025-05-04 19:32:31.763+00	2025-05-04 19:32:31.763+00
31d020af-9915-4271-b2f8-961f1ae439d2	0	2	1ad86fa9-de0a-484b-9e20-91f2a1d2e567	2025-05-04 19:32:31.78+00	2025-05-04 19:32:31.78+00
41f98e43-d0b6-4a18-a868-0ea6c16afa2a	1	2	1ad86fa9-de0a-484b-9e20-91f2a1d2e567	2025-05-04 19:32:31.783+00	2025-05-04 19:32:31.783+00
a1120333-f754-4cc1-96f9-4716a6e92f38	2	2	1ad86fa9-de0a-484b-9e20-91f2a1d2e567	2025-05-04 19:32:31.785+00	2025-05-04 19:32:31.785+00
70bb2e68-a842-4099-a6e0-7485378c1f1b	3	2	1ad86fa9-de0a-484b-9e20-91f2a1d2e567	2025-05-04 19:32:31.788+00	2025-05-04 19:32:31.788+00
4d594829-66cb-4548-bb9e-91936458de82	4	2	1ad86fa9-de0a-484b-9e20-91f2a1d2e567	2025-05-04 19:32:31.791+00	2025-05-04 19:32:31.791+00
50e46a06-0e05-4317-8e02-057149d5e897	5	2	1ad86fa9-de0a-484b-9e20-91f2a1d2e567	2025-05-04 19:32:31.797+00	2025-05-04 19:32:31.797+00
f7a91d0a-dcd1-4fed-a097-5921149cdc1c	7	2	1ad86fa9-de0a-484b-9e20-91f2a1d2e567	2025-05-04 19:32:31.803+00	2025-05-04 19:32:31.803+00
9176dc48-a220-4c0b-a8e6-498df6239f2c	6	2	1ad86fa9-de0a-484b-9e20-91f2a1d2e567	2025-05-04 19:32:31.808+00	2025-05-04 19:32:31.808+00
abc5c45f-4373-44c7-b273-f866c0bbac7b	10	2	1ad86fa9-de0a-484b-9e20-91f2a1d2e567	2025-05-04 19:32:31.81+00	2025-05-04 19:32:31.81+00
9241aedc-6811-433a-af6f-bbf6a18c15f2	8	2	1ad86fa9-de0a-484b-9e20-91f2a1d2e567	2025-05-04 19:32:31.811+00	2025-05-04 19:32:31.811+00
4170fb2b-084b-4bb9-88d4-d202362be4e0	0	3	1ad86fa9-de0a-484b-9e20-91f2a1d2e567	2025-05-04 19:32:31.814+00	2025-05-04 19:32:31.814+00
547616f3-9b1c-4589-a0cf-16fce2dd8b00	1	3	1ad86fa9-de0a-484b-9e20-91f2a1d2e567	2025-05-04 19:32:31.816+00	2025-05-04 19:32:31.816+00
d45d9ee3-9f98-477f-8715-8e9f483edb5e	9	2	1ad86fa9-de0a-484b-9e20-91f2a1d2e567	2025-05-04 19:32:31.816+00	2025-05-04 19:32:31.816+00
dd069c61-5f79-40cc-8476-add92927504c	2	3	1ad86fa9-de0a-484b-9e20-91f2a1d2e567	2025-05-04 19:32:31.817+00	2025-05-04 19:32:31.817+00
a0d0d5ae-4168-4a33-8432-59b6f26e9529	11	2	1ad86fa9-de0a-484b-9e20-91f2a1d2e567	2025-05-04 19:32:31.818+00	2025-05-04 19:32:31.818+00
595e6dbc-45b7-4785-b510-e25aa39afd27	5	3	1ad86fa9-de0a-484b-9e20-91f2a1d2e567	2025-05-04 19:32:31.819+00	2025-05-04 19:32:31.819+00
04403bcd-2bab-4f60-9137-bff8eec25075	3	3	1ad86fa9-de0a-484b-9e20-91f2a1d2e567	2025-05-04 19:32:31.819+00	2025-05-04 19:32:31.819+00
a6a983ed-e382-406e-bc1f-dc785e85aafa	4	3	1ad86fa9-de0a-484b-9e20-91f2a1d2e567	2025-05-04 19:32:31.82+00	2025-05-04 19:32:31.82+00
abfd2fc3-c082-4c7d-9855-127aba34d5aa	7	3	1ad86fa9-de0a-484b-9e20-91f2a1d2e567	2025-05-04 19:32:31.821+00	2025-05-04 19:32:31.821+00
b69c62dc-2bf6-4a45-a565-84d806f5e116	6	3	1ad86fa9-de0a-484b-9e20-91f2a1d2e567	2025-05-04 19:32:31.821+00	2025-05-04 19:32:31.821+00
89ff8bcd-3974-4a49-b9e8-abd52fe84f3a	10	3	1ad86fa9-de0a-484b-9e20-91f2a1d2e567	2025-05-04 19:32:31.822+00	2025-05-04 19:32:31.822+00
0283e139-654f-4d70-af45-6db19a665a31	8	3	1ad86fa9-de0a-484b-9e20-91f2a1d2e567	2025-05-04 19:32:31.822+00	2025-05-04 19:32:31.822+00
041e7e7d-569a-4088-854d-e518dd5bacb1	0	4	1ad86fa9-de0a-484b-9e20-91f2a1d2e567	2025-05-04 19:32:31.823+00	2025-05-04 19:32:31.823+00
468b9155-769e-4834-9043-3359be5fc36f	1	4	1ad86fa9-de0a-484b-9e20-91f2a1d2e567	2025-05-04 19:32:31.825+00	2025-05-04 19:32:31.825+00
37dd679b-3b3c-4132-bede-ce91a8e5479a	9	3	1ad86fa9-de0a-484b-9e20-91f2a1d2e567	2025-05-04 19:32:31.826+00	2025-05-04 19:32:31.826+00
21c91a98-73a5-4bf2-b36c-8822ed5d40db	5	4	1ad86fa9-de0a-484b-9e20-91f2a1d2e567	2025-05-04 19:32:31.827+00	2025-05-04 19:32:31.827+00
4df43ddb-a030-44c4-85f7-a825eb2f8afa	2	4	1ad86fa9-de0a-484b-9e20-91f2a1d2e567	2025-05-04 19:32:31.828+00	2025-05-04 19:32:31.828+00
59f9d7f8-aa14-4176-8d52-ea74edb76c38	11	3	1ad86fa9-de0a-484b-9e20-91f2a1d2e567	2025-05-04 19:32:31.829+00	2025-05-04 19:32:31.829+00
ffa226c7-fe4f-4187-a5e1-afd260dae9d9	7	4	1ad86fa9-de0a-484b-9e20-91f2a1d2e567	2025-05-04 19:32:31.829+00	2025-05-04 19:32:31.829+00
1f4a7d60-1f49-40e5-a3f8-82fad6e0afcb	3	4	1ad86fa9-de0a-484b-9e20-91f2a1d2e567	2025-05-04 19:32:31.831+00	2025-05-04 19:32:31.831+00
a709077c-342c-4ad9-8fdb-368e6fad48ec	4	4	1ad86fa9-de0a-484b-9e20-91f2a1d2e567	2025-05-04 19:32:31.834+00	2025-05-04 19:32:31.834+00
dc1478aa-18dd-4d87-ae32-a7aa83d73590	8	4	1ad86fa9-de0a-484b-9e20-91f2a1d2e567	2025-05-04 19:32:31.835+00	2025-05-04 19:32:31.835+00
132a4768-df1e-4077-95c2-dab31249022c	10	4	1ad86fa9-de0a-484b-9e20-91f2a1d2e567	2025-05-04 19:32:31.838+00	2025-05-04 19:32:31.838+00
877ed842-d92e-4835-b1f3-4f1a0851d366	0	5	1ad86fa9-de0a-484b-9e20-91f2a1d2e567	2025-05-04 19:32:31.836+00	2025-05-04 19:32:31.836+00
b3f43aa5-2b0f-4272-906b-81390410fa2c	6	4	1ad86fa9-de0a-484b-9e20-91f2a1d2e567	2025-05-04 19:32:31.837+00	2025-05-04 19:32:31.837+00
2397bba2-04cf-4095-b222-888b162e373a	9	4	1ad86fa9-de0a-484b-9e20-91f2a1d2e567	2025-05-04 19:32:31.84+00	2025-05-04 19:32:31.84+00
5dbd0b1c-7082-412f-9d0f-e36f3efd1398	5	5	1ad86fa9-de0a-484b-9e20-91f2a1d2e567	2025-05-04 19:32:31.841+00	2025-05-04 19:32:31.841+00
0b858325-de0b-4aaf-827f-d51476ead4c7	2	5	1ad86fa9-de0a-484b-9e20-91f2a1d2e567	2025-05-04 19:32:31.846+00	2025-05-04 19:32:31.846+00
91f81254-73b9-42c1-a266-6f462c58fbbf	1	5	1ad86fa9-de0a-484b-9e20-91f2a1d2e567	2025-05-04 19:32:31.843+00	2025-05-04 19:32:31.843+00
a8a9dcdf-3433-4320-9592-9b3dbc3ed87d	11	4	1ad86fa9-de0a-484b-9e20-91f2a1d2e567	2025-05-04 19:32:31.848+00	2025-05-04 19:32:31.848+00
7edf028d-0584-4073-901d-853413ff2674	3	5	1ad86fa9-de0a-484b-9e20-91f2a1d2e567	2025-05-04 19:32:31.848+00	2025-05-04 19:32:31.848+00
24660be4-1f51-4ed1-96d7-c08b55b1119d	7	5	1ad86fa9-de0a-484b-9e20-91f2a1d2e567	2025-05-04 19:32:31.85+00	2025-05-04 19:32:31.85+00
77e1262d-9eee-4da4-bf29-3eef206bc5d7	4	5	1ad86fa9-de0a-484b-9e20-91f2a1d2e567	2025-05-04 19:32:31.855+00	2025-05-04 19:32:31.855+00
1877cebd-f6db-4462-89ea-1f46430fa4fe	8	5	1ad86fa9-de0a-484b-9e20-91f2a1d2e567	2025-05-04 19:32:31.857+00	2025-05-04 19:32:31.857+00
f234971a-ffe3-4789-bf81-be1ca749799b	6	5	1ad86fa9-de0a-484b-9e20-91f2a1d2e567	2025-05-04 19:32:31.859+00	2025-05-04 19:32:31.859+00
db595ba5-705c-4ccf-810f-483722ab7f24	10	5	1ad86fa9-de0a-484b-9e20-91f2a1d2e567	2025-05-04 19:32:31.86+00	2025-05-04 19:32:31.86+00
3888bf3b-56d2-486b-805c-872822ca9613	0	6	1ad86fa9-de0a-484b-9e20-91f2a1d2e567	2025-05-04 19:32:31.861+00	2025-05-04 19:32:31.861+00
04111542-ddd3-4959-9a91-3ac50fb3c0fb	9	5	1ad86fa9-de0a-484b-9e20-91f2a1d2e567	2025-05-04 19:32:31.872+00	2025-05-04 19:32:31.872+00
a4414b57-97ba-405a-8cbb-aea3b5bfa6b0	1	6	1ad86fa9-de0a-484b-9e20-91f2a1d2e567	2025-05-04 19:32:31.874+00	2025-05-04 19:32:31.874+00
872526c5-0de6-497e-ba4e-4f0229fc92bf	5	6	1ad86fa9-de0a-484b-9e20-91f2a1d2e567	2025-05-04 19:32:31.875+00	2025-05-04 19:32:31.875+00
89035977-5e98-4ed4-b786-1883650d16c0	2	6	1ad86fa9-de0a-484b-9e20-91f2a1d2e567	2025-05-04 19:32:31.876+00	2025-05-04 19:32:31.876+00
cf69195f-c195-4401-983e-e1680e4ed29f	11	5	1ad86fa9-de0a-484b-9e20-91f2a1d2e567	2025-05-04 19:32:31.878+00	2025-05-04 19:32:31.878+00
46936530-7faf-49a3-9fa7-0fda6b262528	7	6	1ad86fa9-de0a-484b-9e20-91f2a1d2e567	2025-05-04 19:32:31.879+00	2025-05-04 19:32:31.879+00
25627736-3ed7-44ab-8e3e-4855f70ba850	4	6	1ad86fa9-de0a-484b-9e20-91f2a1d2e567	2025-05-04 19:32:31.88+00	2025-05-04 19:32:31.88+00
21adfbf5-0837-450a-9add-98cd49f29a57	3	6	1ad86fa9-de0a-484b-9e20-91f2a1d2e567	2025-05-04 19:32:31.882+00	2025-05-04 19:32:31.882+00
7c107526-913c-434d-8442-2708f755cea3	10	6	1ad86fa9-de0a-484b-9e20-91f2a1d2e567	2025-05-04 19:32:31.884+00	2025-05-04 19:32:31.884+00
940f4b65-32df-47f4-8420-e08793bceeef	8	6	1ad86fa9-de0a-484b-9e20-91f2a1d2e567	2025-05-04 19:32:31.886+00	2025-05-04 19:32:31.886+00
5f291b9d-f798-444a-b276-12baeaad6422	6	6	1ad86fa9-de0a-484b-9e20-91f2a1d2e567	2025-05-04 19:32:31.89+00	2025-05-04 19:32:31.89+00
e81b9756-3bd2-46fc-9a64-36793ac87e97	0	7	1ad86fa9-de0a-484b-9e20-91f2a1d2e567	2025-05-04 19:32:31.895+00	2025-05-04 19:32:31.895+00
c9b23dab-4835-4878-b2ac-376c4eaa76a4	9	6	1ad86fa9-de0a-484b-9e20-91f2a1d2e567	2025-05-04 19:32:31.897+00	2025-05-04 19:32:31.897+00
f27f5ba4-dea2-47f7-aed7-30ed4d4c482e	1	7	1ad86fa9-de0a-484b-9e20-91f2a1d2e567	2025-05-04 19:32:31.899+00	2025-05-04 19:32:31.899+00
8a1723ea-3622-4e79-a601-d5f951a1ddec	2	7	1ad86fa9-de0a-484b-9e20-91f2a1d2e567	2025-05-04 19:32:31.903+00	2025-05-04 19:32:31.903+00
57f8cbb9-4be0-4806-a57e-f8c10ff3e346	5	7	1ad86fa9-de0a-484b-9e20-91f2a1d2e567	2025-05-04 19:32:31.901+00	2025-05-04 19:32:31.901+00
1a13676a-9cd1-490f-8359-c98b5a8da7eb	11	6	1ad86fa9-de0a-484b-9e20-91f2a1d2e567	2025-05-04 19:32:31.904+00	2025-05-04 19:32:31.904+00
0cb0cb74-b708-413b-979c-1937ff4169f2	7	7	1ad86fa9-de0a-484b-9e20-91f2a1d2e567	2025-05-04 19:32:31.906+00	2025-05-04 19:32:31.906+00
25d02d52-46bf-435b-a477-d40046c0f237	4	7	1ad86fa9-de0a-484b-9e20-91f2a1d2e567	2025-05-04 19:32:31.907+00	2025-05-04 19:32:31.907+00
a86fffef-e1a8-4be9-9c93-efb06f8ed0dd	8	7	1ad86fa9-de0a-484b-9e20-91f2a1d2e567	2025-05-04 19:32:31.911+00	2025-05-04 19:32:31.911+00
9883dddb-7401-403e-b930-8cef28d93584	6	7	1ad86fa9-de0a-484b-9e20-91f2a1d2e567	2025-05-04 19:32:31.912+00	2025-05-04 19:32:31.912+00
6f238569-e947-4dbb-8615-584be746bc51	10	7	1ad86fa9-de0a-484b-9e20-91f2a1d2e567	2025-05-04 19:32:31.916+00	2025-05-04 19:32:31.916+00
e80c909c-0c17-41b1-a765-8722ab685e54	3	7	1ad86fa9-de0a-484b-9e20-91f2a1d2e567	2025-05-04 19:32:31.915+00	2025-05-04 19:32:31.915+00
fe9cd5f1-8cd2-4b36-88bb-3113a3f05bd9	0	8	1ad86fa9-de0a-484b-9e20-91f2a1d2e567	2025-05-04 19:32:31.922+00	2025-05-04 19:32:31.922+00
d7959ccc-50eb-4132-be2b-f576b57644e6	1	8	1ad86fa9-de0a-484b-9e20-91f2a1d2e567	2025-05-04 19:32:31.925+00	2025-05-04 19:32:31.925+00
febf0da5-e2fa-49d1-ae5f-a59c267c168a	9	7	1ad86fa9-de0a-484b-9e20-91f2a1d2e567	2025-05-04 19:32:31.924+00	2025-05-04 19:32:31.924+00
a0759294-830f-49f7-9eb1-c2b6cc39edd9	2	8	1ad86fa9-de0a-484b-9e20-91f2a1d2e567	2025-05-04 19:32:31.927+00	2025-05-04 19:32:31.927+00
6d995336-2e80-4c5a-b950-8ff320bd55f9	5	8	1ad86fa9-de0a-484b-9e20-91f2a1d2e567	2025-05-04 19:32:31.93+00	2025-05-04 19:32:31.93+00
abb3e5a9-c12d-402b-875a-65f292209e8d	11	7	1ad86fa9-de0a-484b-9e20-91f2a1d2e567	2025-05-04 19:32:31.931+00	2025-05-04 19:32:31.931+00
fc6ae5b5-f3d3-42bb-9008-fba22e67687e	7	8	1ad86fa9-de0a-484b-9e20-91f2a1d2e567	2025-05-04 19:32:31.933+00	2025-05-04 19:32:31.933+00
197889bf-0f0e-4519-a46b-f013603f5469	4	8	1ad86fa9-de0a-484b-9e20-91f2a1d2e567	2025-05-04 19:32:31.936+00	2025-05-04 19:32:31.936+00
2b63505f-ddba-4d6a-9b1f-415c7cc9b27a	8	8	1ad86fa9-de0a-484b-9e20-91f2a1d2e567	2025-05-04 19:32:31.939+00	2025-05-04 19:32:31.939+00
db7343c5-2bda-494e-be34-738d563e07e7	6	8	1ad86fa9-de0a-484b-9e20-91f2a1d2e567	2025-05-04 19:32:31.942+00	2025-05-04 19:32:31.942+00
d115f9ad-733f-4aba-a5da-c1fc80347984	10	8	1ad86fa9-de0a-484b-9e20-91f2a1d2e567	2025-05-04 19:32:31.986+00	2025-05-04 19:32:31.986+00
3d4068ad-34ba-4abb-b34c-937401d33658	3	8	1ad86fa9-de0a-484b-9e20-91f2a1d2e567	2025-05-04 19:32:32.048+00	2025-05-04 19:32:32.048+00
a760b39d-383d-4bbe-b1bf-29b95d65291e	9	8	1ad86fa9-de0a-484b-9e20-91f2a1d2e567	2025-05-04 19:32:32.058+00	2025-05-04 19:32:32.058+00
8f998ac3-9d97-419b-91a8-4d879aa899fb	0	9	1ad86fa9-de0a-484b-9e20-91f2a1d2e567	2025-05-04 19:32:32.056+00	2025-05-04 19:32:32.056+00
7be8261a-94dd-42d6-bdb3-021e020c5d90	1	9	1ad86fa9-de0a-484b-9e20-91f2a1d2e567	2025-05-04 19:32:32.059+00	2025-05-04 19:32:32.059+00
cc147a36-22e6-4064-9ea2-c29d959a20b2	2	9	1ad86fa9-de0a-484b-9e20-91f2a1d2e567	2025-05-04 19:32:32.06+00	2025-05-04 19:32:32.06+00
65d9079d-2ae1-4256-809c-7231dd509280	11	8	1ad86fa9-de0a-484b-9e20-91f2a1d2e567	2025-05-04 19:32:32.067+00	2025-05-04 19:32:32.067+00
9daf25e9-0978-4422-90d6-75b6edc3c25f	9	9	1ad86fa9-de0a-484b-9e20-91f2a1d2e567	2025-05-04 19:32:32.101+00	2025-05-04 19:32:32.101+00
e70f802c-ec81-4b66-8797-9c52d7d5681e	0	10	1ad86fa9-de0a-484b-9e20-91f2a1d2e567	2025-05-04 19:32:32.105+00	2025-05-04 19:32:32.105+00
00b5cfcc-f08d-4142-8b5f-29caf0cf0a72	11	9	1ad86fa9-de0a-484b-9e20-91f2a1d2e567	2025-05-04 19:32:32.109+00	2025-05-04 19:32:32.109+00
871e6c58-4bbb-4c76-91d7-da4682ebab2e	9	10	1ad86fa9-de0a-484b-9e20-91f2a1d2e567	2025-05-04 19:32:32.111+00	2025-05-04 19:32:32.111+00
84e50633-3b5b-485f-b2ba-72b71850a786	6	10	1ad86fa9-de0a-484b-9e20-91f2a1d2e567	2025-05-04 19:32:32.112+00	2025-05-04 19:32:32.112+00
bce68a40-d39a-48d6-9980-bb5709fd1ac8	10	10	1ad86fa9-de0a-484b-9e20-91f2a1d2e567	2025-05-04 19:32:32.114+00	2025-05-04 19:32:32.114+00
9d8e6751-3788-4d7f-a5ca-702112357fb1	5	11	1ad86fa9-de0a-484b-9e20-91f2a1d2e567	2025-05-04 19:32:32.118+00	2025-05-04 19:32:32.118+00
2626caec-7770-407c-a4e2-46c2cef845f5	9	12	1ad86fa9-de0a-484b-9e20-91f2a1d2e567	2025-05-04 19:32:32.123+00	2025-05-04 19:32:32.123+00
1478f3f3-6e2d-4af9-a86f-b0fb816e0b38	7	9	1ad86fa9-de0a-484b-9e20-91f2a1d2e567	2025-05-04 19:32:32.061+00	2025-05-04 19:32:32.061+00
13023968-8ac7-45a4-aba1-c5616ed98255	8	9	1ad86fa9-de0a-484b-9e20-91f2a1d2e567	2025-05-04 19:32:32.068+00	2025-05-04 19:32:32.068+00
3ed0b279-2f4e-44a8-a287-3f85694a87b0	7	10	1ad86fa9-de0a-484b-9e20-91f2a1d2e567	2025-05-04 19:32:32.107+00	2025-05-04 19:32:32.107+00
4b93618a-0fc1-4431-8146-0b39205bf037	3	10	1ad86fa9-de0a-484b-9e20-91f2a1d2e567	2025-05-04 19:32:32.111+00	2025-05-04 19:32:32.111+00
cc5d6123-52a2-45dd-a8fa-6adf6ed51ac1	7	11	1ad86fa9-de0a-484b-9e20-91f2a1d2e567	2025-05-04 19:32:32.115+00	2025-05-04 19:32:32.115+00
5e745ec0-9942-459e-9a3b-d6e160bdf6e3	6	11	1ad86fa9-de0a-484b-9e20-91f2a1d2e567	2025-05-04 19:32:32.118+00	2025-05-04 19:32:32.118+00
658656d9-41d1-47f3-8a16-57fc3ae0da9a	11	11	1ad86fa9-de0a-484b-9e20-91f2a1d2e567	2025-05-04 19:32:32.121+00	2025-05-04 19:32:32.121+00
5f797c69-9313-4bcd-99a4-3ce1021d6d3c	1	12	1ad86fa9-de0a-484b-9e20-91f2a1d2e567	2025-05-04 19:32:32.124+00	2025-05-04 19:32:32.124+00
9bd00ed5-f092-4254-9fd5-a93d5e82c141	4	9	1ad86fa9-de0a-484b-9e20-91f2a1d2e567	2025-05-04 19:32:32.063+00	2025-05-04 19:32:32.063+00
aeb56977-89ed-4398-981c-95f2dda94c0b	3	9	1ad86fa9-de0a-484b-9e20-91f2a1d2e567	2025-05-04 19:32:32.102+00	2025-05-04 19:32:32.102+00
77176408-3e0a-4ff9-9c97-88b93de7f7ed	2	10	1ad86fa9-de0a-484b-9e20-91f2a1d2e567	2025-05-04 19:32:32.107+00	2025-05-04 19:32:32.107+00
dce7f85a-2187-42eb-ac8d-0ea1424c1d25	4	10	1ad86fa9-de0a-484b-9e20-91f2a1d2e567	2025-05-04 19:32:32.11+00	2025-05-04 19:32:32.11+00
c7e0d7d1-9b93-4d23-bce9-0fd744fcbe3a	0	11	1ad86fa9-de0a-484b-9e20-91f2a1d2e567	2025-05-04 19:32:32.113+00	2025-05-04 19:32:32.113+00
73d883e4-def2-41f5-8a1d-830473474e0b	1	11	1ad86fa9-de0a-484b-9e20-91f2a1d2e567	2025-05-04 19:32:32.116+00	2025-05-04 19:32:32.116+00
26a51658-dbd4-434c-b95c-5c4bf5d43dd5	3	11	1ad86fa9-de0a-484b-9e20-91f2a1d2e567	2025-05-04 19:32:32.119+00	2025-05-04 19:32:32.119+00
aecd5852-11f8-48a4-be82-1be354509c3e	5	12	1ad86fa9-de0a-484b-9e20-91f2a1d2e567	2025-05-04 19:32:32.126+00	2025-05-04 19:32:32.126+00
f2da5066-357f-4677-95b8-b75328d22e61	5	9	1ad86fa9-de0a-484b-9e20-91f2a1d2e567	2025-05-04 19:32:32.065+00	2025-05-04 19:32:32.065+00
baae7f2b-2ed9-4e89-9fff-5bbf9c3f0839	10	9	1ad86fa9-de0a-484b-9e20-91f2a1d2e567	2025-05-04 19:32:32.103+00	2025-05-04 19:32:32.103+00
c8f166f6-8f33-4ecf-b39e-95f4782b6777	5	10	1ad86fa9-de0a-484b-9e20-91f2a1d2e567	2025-05-04 19:32:32.11+00	2025-05-04 19:32:32.11+00
9e4a1a67-a3c2-404a-a517-2ca7ba56997c	2	11	1ad86fa9-de0a-484b-9e20-91f2a1d2e567	2025-05-04 19:32:32.114+00	2025-05-04 19:32:32.114+00
b8fb0a69-8254-403b-b827-4335bb8ba634	9	11	1ad86fa9-de0a-484b-9e20-91f2a1d2e567	2025-05-04 19:32:32.117+00	2025-05-04 19:32:32.117+00
8fc0e137-0c64-4f73-b9a3-60c34b21e312	8	11	1ad86fa9-de0a-484b-9e20-91f2a1d2e567	2025-05-04 19:32:32.118+00	2025-05-04 19:32:32.118+00
294664b3-c538-4a42-97e5-ae7e1d671c43	10	11	1ad86fa9-de0a-484b-9e20-91f2a1d2e567	2025-05-04 19:32:32.122+00	2025-05-04 19:32:32.122+00
309eb31f-629e-4af7-ac20-99060ad11f4c	3	12	1ad86fa9-de0a-484b-9e20-91f2a1d2e567	2025-05-04 19:32:32.127+00	2025-05-04 19:32:32.127+00
6d7051f7-a691-49c7-b794-67929eb97359	6	9	1ad86fa9-de0a-484b-9e20-91f2a1d2e567	2025-05-04 19:32:32.099+00	2025-05-04 19:32:32.099+00
dc0a249f-e2ee-4df2-a653-2e2c93997ffa	1	10	1ad86fa9-de0a-484b-9e20-91f2a1d2e567	2025-05-04 19:32:32.108+00	2025-05-04 19:32:32.108+00
5a865bf5-fbe7-4b73-8844-304b176d8130	8	10	1ad86fa9-de0a-484b-9e20-91f2a1d2e567	2025-05-04 19:32:32.112+00	2025-05-04 19:32:32.112+00
c63f44fc-d93f-46b1-941a-bda8dac6f9f7	11	10	1ad86fa9-de0a-484b-9e20-91f2a1d2e567	2025-05-04 19:32:32.115+00	2025-05-04 19:32:32.115+00
2fa48b89-53a5-44f7-8cfa-d60631e9456a	4	11	1ad86fa9-de0a-484b-9e20-91f2a1d2e567	2025-05-04 19:32:32.117+00	2025-05-04 19:32:32.117+00
5dbef6b1-df50-4eb0-80a3-df5dafe5bb18	7	12	1ad86fa9-de0a-484b-9e20-91f2a1d2e567	2025-05-04 19:32:32.122+00	2025-05-04 19:32:32.122+00
dc9f64b2-12a2-4486-967c-407f075090f9	11	12	1ad86fa9-de0a-484b-9e20-91f2a1d2e567	2025-05-04 19:32:32.127+00	2025-05-04 19:32:32.127+00
07758547-8abf-4ec0-a086-05832554d0f0	0	1	c309373e-5515-46de-b1e7-88053c60e058	2025-05-04 19:33:08.263+00	2025-05-04 19:33:08.263+00
e98f2a1c-c7c5-47f6-bd49-5c2a7cade75a	1	1	c309373e-5515-46de-b1e7-88053c60e058	2025-05-04 19:33:08.263+00	2025-05-04 19:33:08.263+00
10af9a71-8966-440f-868c-e3e4d0ad6a1b	2	1	c309373e-5515-46de-b1e7-88053c60e058	2025-05-04 19:33:08.263+00	2025-05-04 19:33:08.263+00
0db312d5-28b6-4eea-bb05-fa30f932e185	3	1	c309373e-5515-46de-b1e7-88053c60e058	2025-05-04 19:33:08.263+00	2025-05-04 19:33:08.263+00
5b826ea8-ada2-4319-add4-1955b2333f1b	4	1	c309373e-5515-46de-b1e7-88053c60e058	2025-05-04 19:33:08.263+00	2025-05-04 19:33:08.263+00
a0cb443f-9066-4d23-8fb3-bdf18e070c8d	5	1	c309373e-5515-46de-b1e7-88053c60e058	2025-05-04 19:33:08.263+00	2025-05-04 19:33:08.263+00
4db5f0c8-40d3-4879-8dd3-376a1c03c37e	6	1	c309373e-5515-46de-b1e7-88053c60e058	2025-05-04 19:33:08.263+00	2025-05-04 19:33:08.263+00
7afd00a1-86b7-41bb-9ce1-c3a7fed66bb3	7	1	c309373e-5515-46de-b1e7-88053c60e058	2025-05-04 19:33:08.263+00	2025-05-04 19:33:08.263+00
d9cfcc41-688e-4d7d-a876-ba2aff06d1a5	1	2	c309373e-5515-46de-b1e7-88053c60e058	2025-05-04 19:33:08.296+00	2025-05-04 19:33:08.296+00
4a4f04dd-b5f8-49a0-9000-3f74b5c5af5c	2	2	c309373e-5515-46de-b1e7-88053c60e058	2025-05-04 19:33:08.3+00	2025-05-04 19:33:08.3+00
cf03a004-2a46-41b1-a8fe-70e4271d8778	0	2	c309373e-5515-46de-b1e7-88053c60e058	2025-05-04 19:33:08.287+00	2025-05-04 19:33:08.287+00
f04d0d2a-38a3-4386-8c83-2ab8e1e4d925	3	2	c309373e-5515-46de-b1e7-88053c60e058	2025-05-04 19:33:08.304+00	2025-05-04 19:33:08.304+00
349995eb-060a-414e-bcba-2ed587920000	4	2	c309373e-5515-46de-b1e7-88053c60e058	2025-05-04 19:33:08.307+00	2025-05-04 19:33:08.307+00
2fef3a8e-6c0c-4d04-91da-f6245d6e98a3	5	2	c309373e-5515-46de-b1e7-88053c60e058	2025-05-04 19:33:08.314+00	2025-05-04 19:33:08.314+00
4eef8355-70da-4070-9ea2-e13860ed8e9f	6	2	c309373e-5515-46de-b1e7-88053c60e058	2025-05-04 19:33:08.318+00	2025-05-04 19:33:08.318+00
0af4399f-7a65-4da3-957c-0c1e3dbc3acc	7	2	c309373e-5515-46de-b1e7-88053c60e058	2025-05-04 19:33:08.323+00	2025-05-04 19:33:08.323+00
860093a9-f02d-4332-b1b5-480676434e8d	2	3	c309373e-5515-46de-b1e7-88053c60e058	2025-05-04 19:33:08.327+00	2025-05-04 19:33:08.327+00
575d8ab6-8867-4915-abc1-1635aeaf639f	5	3	c309373e-5515-46de-b1e7-88053c60e058	2025-05-04 19:33:08.33+00	2025-05-04 19:33:08.33+00
5efc6f2e-297b-40dc-994e-c0cf45308949	1	3	c309373e-5515-46de-b1e7-88053c60e058	2025-05-04 19:33:08.332+00	2025-05-04 19:33:08.332+00
0f839828-3864-4583-a831-855fb18f44c5	0	3	c309373e-5515-46de-b1e7-88053c60e058	2025-05-04 19:33:08.333+00	2025-05-04 19:33:08.333+00
2de080f7-3a19-4838-82b2-2dbb82ff3fdf	6	3	c309373e-5515-46de-b1e7-88053c60e058	2025-05-04 19:33:08.335+00	2025-05-04 19:33:08.335+00
c7aae76a-a2cb-4254-b18e-9142d50600c0	3	3	c309373e-5515-46de-b1e7-88053c60e058	2025-05-04 19:33:08.337+00	2025-05-04 19:33:08.337+00
da62aa42-5483-443f-a478-9c030d56bdc4	4	3	c309373e-5515-46de-b1e7-88053c60e058	2025-05-04 19:33:08.338+00	2025-05-04 19:33:08.338+00
d2538449-74a0-43e6-bdbb-c60afa537830	5	4	c309373e-5515-46de-b1e7-88053c60e058	2025-05-04 19:33:08.341+00	2025-05-04 19:33:08.341+00
c2fa18a7-06a2-4be8-8ab7-9bd9afb01273	7	3	c309373e-5515-46de-b1e7-88053c60e058	2025-05-04 19:33:08.342+00	2025-05-04 19:33:08.342+00
5d35b2a6-cb02-4abd-9ea6-688009d43672	2	4	c309373e-5515-46de-b1e7-88053c60e058	2025-05-04 19:33:08.343+00	2025-05-04 19:33:08.343+00
35983479-cf8b-4a17-b64f-139da4bfa8ef	6	4	c309373e-5515-46de-b1e7-88053c60e058	2025-05-04 19:33:08.345+00	2025-05-04 19:33:08.345+00
135af422-7402-4809-bbe6-7df8514f0419	1	4	c309373e-5515-46de-b1e7-88053c60e058	2025-05-04 19:33:08.347+00	2025-05-04 19:33:08.347+00
b3172323-b728-4326-93de-5eba9b226dbb	0	4	c309373e-5515-46de-b1e7-88053c60e058	2025-05-04 19:33:08.349+00	2025-05-04 19:33:08.349+00
22c6bc2b-a3d1-4b05-b67c-f218318ed179	5	5	c309373e-5515-46de-b1e7-88053c60e058	2025-05-04 19:33:08.351+00	2025-05-04 19:33:08.351+00
58e66909-7628-4c5a-9621-11ecc154252f	7	4	c309373e-5515-46de-b1e7-88053c60e058	2025-05-04 19:33:08.354+00	2025-05-04 19:33:08.354+00
5805fb17-8e1d-4d9b-b7d3-27fd8d154e24	3	4	c309373e-5515-46de-b1e7-88053c60e058	2025-05-04 19:33:08.356+00	2025-05-04 19:33:08.356+00
b571ea37-f6d2-4bc2-891c-10564db4d8cc	4	4	c309373e-5515-46de-b1e7-88053c60e058	2025-05-04 19:33:08.358+00	2025-05-04 19:33:08.358+00
42cf3c68-295b-4dae-891c-05ada6458f7c	6	5	c309373e-5515-46de-b1e7-88053c60e058	2025-05-04 19:33:08.362+00	2025-05-04 19:33:08.362+00
41ac1ca7-dfe8-4b4d-8c59-3e9a06053328	1	5	c309373e-5515-46de-b1e7-88053c60e058	2025-05-04 19:33:08.364+00	2025-05-04 19:33:08.364+00
0f69bec8-99f0-4774-8d95-f790f417dc2d	2	5	c309373e-5515-46de-b1e7-88053c60e058	2025-05-04 19:33:08.366+00	2025-05-04 19:33:08.366+00
8db8b556-751d-4c41-ae1a-89a233f7cb32	7	5	c309373e-5515-46de-b1e7-88053c60e058	2025-05-04 19:33:08.368+00	2025-05-04 19:33:08.368+00
1bedc898-57ca-41b5-8baf-46e92e788c12	0	5	c309373e-5515-46de-b1e7-88053c60e058	2025-05-04 19:33:08.37+00	2025-05-04 19:33:08.37+00
df9f1d21-7cd7-4d05-aba4-23fd2d11d8af	5	6	c309373e-5515-46de-b1e7-88053c60e058	2025-05-04 19:33:08.372+00	2025-05-04 19:33:08.372+00
7444b205-67d2-499b-9007-1c795f717191	6	6	c309373e-5515-46de-b1e7-88053c60e058	2025-05-04 19:33:08.374+00	2025-05-04 19:33:08.374+00
2c91d26c-82c8-4b1a-a913-f25d6849d428	3	5	c309373e-5515-46de-b1e7-88053c60e058	2025-05-04 19:33:08.376+00	2025-05-04 19:33:08.376+00
2fd362e9-afda-4ddc-bff0-408ccd5c1fdc	4	5	c309373e-5515-46de-b1e7-88053c60e058	2025-05-04 19:33:08.378+00	2025-05-04 19:33:08.378+00
ecdb7153-f72a-4f20-93ce-5b10e702e2c0	7	6	c309373e-5515-46de-b1e7-88053c60e058	2025-05-04 19:33:08.38+00	2025-05-04 19:33:08.38+00
648163b9-5dae-44c4-a5f8-8816452f740f	0	6	c309373e-5515-46de-b1e7-88053c60e058	2025-05-04 19:33:08.382+00	2025-05-04 19:33:08.382+00
0ff35520-3722-4810-8e5f-52549674ba90	1	6	c309373e-5515-46de-b1e7-88053c60e058	2025-05-04 19:33:08.383+00	2025-05-04 19:33:08.383+00
d06433a7-5fc1-4677-b53c-d1751e86659a	2	6	c309373e-5515-46de-b1e7-88053c60e058	2025-05-04 19:33:08.384+00	2025-05-04 19:33:08.384+00
4361c784-f393-4f6b-92e3-b0427841a7d2	6	7	c309373e-5515-46de-b1e7-88053c60e058	2025-05-04 19:33:08.386+00	2025-05-04 19:33:08.386+00
9493e34c-f6d3-42de-870a-a9f3712fc866	3	6	c309373e-5515-46de-b1e7-88053c60e058	2025-05-04 19:33:08.388+00	2025-05-04 19:33:08.388+00
57f713f3-cb60-484b-b1e2-c6759c4e877a	5	7	c309373e-5515-46de-b1e7-88053c60e058	2025-05-04 19:33:08.389+00	2025-05-04 19:33:08.389+00
199ec388-cbcf-4bf9-8997-becf700f0dc4	0	7	c309373e-5515-46de-b1e7-88053c60e058	2025-05-04 19:33:08.39+00	2025-05-04 19:33:08.39+00
b71a5377-79e3-4198-a342-39c053acd832	4	6	c309373e-5515-46de-b1e7-88053c60e058	2025-05-04 19:33:08.391+00	2025-05-04 19:33:08.391+00
78ab8939-b298-4c73-9684-2255adebfc1a	7	7	c309373e-5515-46de-b1e7-88053c60e058	2025-05-04 19:33:08.392+00	2025-05-04 19:33:08.392+00
3fe5fa4a-bab0-4989-aace-6520e16aab60	6	8	c309373e-5515-46de-b1e7-88053c60e058	2025-05-04 19:33:08.394+00	2025-05-04 19:33:08.394+00
a4ee28ab-c58e-4e93-9efa-34cb3f2c6782	1	7	c309373e-5515-46de-b1e7-88053c60e058	2025-05-04 19:33:08.395+00	2025-05-04 19:33:08.395+00
63cf55e9-ead8-4ad7-b18b-5a9f9b6bda6e	2	7	c309373e-5515-46de-b1e7-88053c60e058	2025-05-04 19:33:08.397+00	2025-05-04 19:33:08.397+00
c7e06dda-4192-453f-aeb6-b0358e0733e1	0	8	c309373e-5515-46de-b1e7-88053c60e058	2025-05-04 19:33:08.399+00	2025-05-04 19:33:08.399+00
c1851436-6d62-4cda-b237-c71084c2ae48	3	7	c309373e-5515-46de-b1e7-88053c60e058	2025-05-04 19:33:08.401+00	2025-05-04 19:33:08.401+00
a5a754e8-5d3e-4346-b434-5fd57ebe099d	5	8	c309373e-5515-46de-b1e7-88053c60e058	2025-05-04 19:33:08.403+00	2025-05-04 19:33:08.403+00
90e56dfe-e8a7-47ae-bd29-a00099a1cfc8	4	7	c309373e-5515-46de-b1e7-88053c60e058	2025-05-04 19:33:08.406+00	2025-05-04 19:33:08.406+00
648585c5-e9f3-4dd4-bb66-93c8da0ad279	7	8	c309373e-5515-46de-b1e7-88053c60e058	2025-05-04 19:33:08.407+00	2025-05-04 19:33:08.407+00
69f1cb29-f34c-48b0-bcbf-4de02ca5c038	1	8	c309373e-5515-46de-b1e7-88053c60e058	2025-05-04 19:33:08.408+00	2025-05-04 19:33:08.408+00
5f11f6b0-1cd2-4fdc-bb5b-317e693e3c65	2	8	c309373e-5515-46de-b1e7-88053c60e058	2025-05-04 19:33:08.409+00	2025-05-04 19:33:08.409+00
d69e9ff8-07a1-45da-befd-3610869b6513	3	8	c309373e-5515-46de-b1e7-88053c60e058	2025-05-04 19:33:08.413+00	2025-05-04 19:33:08.413+00
e5289d4b-ab50-45cb-8d0f-6adb979c6e12	4	8	c309373e-5515-46de-b1e7-88053c60e058	2025-05-04 19:33:08.416+00	2025-05-04 19:33:08.416+00
9df33091-add9-47ed-8692-26c24f135fa3	0	1	aa93ada3-89dc-46d8-9e6c-5b52e02e1fd5	2025-05-04 19:33:58.09+00	2025-05-04 19:33:58.09+00
bc9275c6-3e10-4046-a152-1b5247520076	1	1	aa93ada3-89dc-46d8-9e6c-5b52e02e1fd5	2025-05-04 19:33:58.09+00	2025-05-04 19:33:58.09+00
b523dce8-fd43-4dfa-9da8-2f43752edf86	2	1	aa93ada3-89dc-46d8-9e6c-5b52e02e1fd5	2025-05-04 19:33:58.09+00	2025-05-04 19:33:58.09+00
06dc6535-0c27-46ed-8b5e-ce6ff7de7cee	3	1	aa93ada3-89dc-46d8-9e6c-5b52e02e1fd5	2025-05-04 19:33:58.09+00	2025-05-04 19:33:58.09+00
db551dce-f327-4e06-aa1e-6f1b7ff15b12	4	1	aa93ada3-89dc-46d8-9e6c-5b52e02e1fd5	2025-05-04 19:33:58.09+00	2025-05-04 19:33:58.09+00
5dfbd6b4-9d25-4580-bf77-1381ff990b9e	5	1	aa93ada3-89dc-46d8-9e6c-5b52e02e1fd5	2025-05-04 19:33:58.09+00	2025-05-04 19:33:58.09+00
e55c2af3-43fc-4214-8431-b5687c576660	6	1	aa93ada3-89dc-46d8-9e6c-5b52e02e1fd5	2025-05-04 19:33:58.09+00	2025-05-04 19:33:58.09+00
c2f47953-0c07-4e94-be51-fe1c160a03d7	7	1	aa93ada3-89dc-46d8-9e6c-5b52e02e1fd5	2025-05-04 19:33:58.09+00	2025-05-04 19:33:58.09+00
8649ca17-a5ea-4263-a8e2-9e1c6d2753c6	8	1	aa93ada3-89dc-46d8-9e6c-5b52e02e1fd5	2025-05-04 19:33:58.09+00	2025-05-04 19:33:58.09+00
6d2473c3-455d-4a34-9a10-c600f8cfba12	9	1	aa93ada3-89dc-46d8-9e6c-5b52e02e1fd5	2025-05-04 19:33:58.091+00	2025-05-04 19:33:58.091+00
e9b6638f-70c7-40fc-a57a-945a36ad13fe	11	1	aa93ada3-89dc-46d8-9e6c-5b52e02e1fd5	2025-05-04 19:33:58.091+00	2025-05-04 19:33:58.091+00
f831f66a-63d8-47fe-939b-746cb8c9adf7	10	1	aa93ada3-89dc-46d8-9e6c-5b52e02e1fd5	2025-05-04 19:33:58.091+00	2025-05-04 19:33:58.091+00
81b8c66d-f69b-466b-b9bd-d86b9da00c04	0	2	aa93ada3-89dc-46d8-9e6c-5b52e02e1fd5	2025-05-04 19:33:58.104+00	2025-05-04 19:33:58.104+00
8b4f4c3a-5d10-46d1-9b74-c86d36db4989	1	2	aa93ada3-89dc-46d8-9e6c-5b52e02e1fd5	2025-05-04 19:33:58.109+00	2025-05-04 19:33:58.109+00
c5b6151f-aa69-4909-b4d9-a91ebcea2499	2	2	aa93ada3-89dc-46d8-9e6c-5b52e02e1fd5	2025-05-04 19:33:58.11+00	2025-05-04 19:33:58.11+00
8e284e8f-3dcc-4b4d-ac18-d69e377d7b78	3	2	aa93ada3-89dc-46d8-9e6c-5b52e02e1fd5	2025-05-04 19:33:58.113+00	2025-05-04 19:33:58.113+00
6fde6ced-a0de-4938-8dd9-938755056b5c	4	2	aa93ada3-89dc-46d8-9e6c-5b52e02e1fd5	2025-05-04 19:33:58.116+00	2025-05-04 19:33:58.116+00
e0fd435b-1718-4f57-98b2-dafc2cdd6583	5	2	aa93ada3-89dc-46d8-9e6c-5b52e02e1fd5	2025-05-04 19:33:58.119+00	2025-05-04 19:33:58.119+00
8992ade2-2335-4e59-8db5-29429d9c478e	6	2	aa93ada3-89dc-46d8-9e6c-5b52e02e1fd5	2025-05-04 19:33:58.124+00	2025-05-04 19:33:58.124+00
3da9281d-2956-4e44-bf15-7a3ce94d0af0	9	2	aa93ada3-89dc-46d8-9e6c-5b52e02e1fd5	2025-05-04 19:33:58.126+00	2025-05-04 19:33:58.126+00
25d1f6d2-1d92-44d1-9d06-c27fb159f793	8	2	aa93ada3-89dc-46d8-9e6c-5b52e02e1fd5	2025-05-04 19:33:58.129+00	2025-05-04 19:33:58.129+00
9949b091-67ed-437b-83dc-7118cd06cd3d	7	2	aa93ada3-89dc-46d8-9e6c-5b52e02e1fd5	2025-05-04 19:33:58.131+00	2025-05-04 19:33:58.131+00
c7b06784-a7b5-4751-a806-e844f08d459b	0	3	aa93ada3-89dc-46d8-9e6c-5b52e02e1fd5	2025-05-04 19:33:58.132+00	2025-05-04 19:33:58.132+00
5dd02549-1b27-46ce-872f-998ab374d707	11	2	aa93ada3-89dc-46d8-9e6c-5b52e02e1fd5	2025-05-04 19:33:58.133+00	2025-05-04 19:33:58.133+00
99615db2-6351-4be3-9ff0-f8c080703345	10	2	aa93ada3-89dc-46d8-9e6c-5b52e02e1fd5	2025-05-04 19:33:58.135+00	2025-05-04 19:33:58.135+00
19be80c2-963d-4334-980a-e3cb111f75ae	1	3	aa93ada3-89dc-46d8-9e6c-5b52e02e1fd5	2025-05-04 19:33:58.136+00	2025-05-04 19:33:58.136+00
f8e3f38b-e745-4cff-a981-20f9c268c303	4	3	aa93ada3-89dc-46d8-9e6c-5b52e02e1fd5	2025-05-04 19:33:58.138+00	2025-05-04 19:33:58.138+00
f153a2a7-2ad0-41f3-a3a0-2e87d537404c	8	3	aa93ada3-89dc-46d8-9e6c-5b52e02e1fd5	2025-05-04 19:33:58.217+00	2025-05-04 19:33:58.217+00
a03e304d-8c51-4882-ac32-315ccd1aca90	1	4	aa93ada3-89dc-46d8-9e6c-5b52e02e1fd5	2025-05-04 19:33:58.258+00	2025-05-04 19:33:58.258+00
244e9b42-7528-41f5-bbe3-777bba88b6d7	9	4	aa93ada3-89dc-46d8-9e6c-5b52e02e1fd5	2025-05-04 19:33:58.283+00	2025-05-04 19:33:58.283+00
b4278f09-ccfa-4b58-8d39-31313a524907	3	5	aa93ada3-89dc-46d8-9e6c-5b52e02e1fd5	2025-05-04 19:33:58.301+00	2025-05-04 19:33:58.301+00
ce5a08c8-0ef1-495a-a9b9-c211fbec5f65	8	5	aa93ada3-89dc-46d8-9e6c-5b52e02e1fd5	2025-05-04 19:33:58.305+00	2025-05-04 19:33:58.305+00
6c3e508a-8cca-41a0-8420-83384c55d582	11	5	aa93ada3-89dc-46d8-9e6c-5b52e02e1fd5	2025-05-04 19:33:58.31+00	2025-05-04 19:33:58.31+00
2a20633e-3dbe-4030-af5d-c7b8d0f481bb	5	6	aa93ada3-89dc-46d8-9e6c-5b52e02e1fd5	2025-05-04 19:33:58.315+00	2025-05-04 19:33:58.315+00
9fb1463a-a919-4221-aff0-210552e5dbf3	10	6	aa93ada3-89dc-46d8-9e6c-5b52e02e1fd5	2025-05-04 19:33:58.323+00	2025-05-04 19:33:58.323+00
7a0288e1-efb4-4eee-8163-95aabf30ad73	2	7	aa93ada3-89dc-46d8-9e6c-5b52e02e1fd5	2025-05-04 19:33:58.328+00	2025-05-04 19:33:58.328+00
0c5bc66a-976b-4a98-9ce6-4f9ae01c404e	0	8	aa93ada3-89dc-46d8-9e6c-5b52e02e1fd5	2025-05-04 19:33:58.335+00	2025-05-04 19:33:58.335+00
1821990c-7a69-4ec6-b229-657692f9a061	2	8	aa93ada3-89dc-46d8-9e6c-5b52e02e1fd5	2025-05-04 19:33:58.345+00	2025-05-04 19:33:58.345+00
56835a2a-e5ab-426d-bfbb-a630c7cd97ab	10	8	aa93ada3-89dc-46d8-9e6c-5b52e02e1fd5	2025-05-04 19:33:58.355+00	2025-05-04 19:33:58.355+00
ddc86b92-daa8-49e0-9ad6-38e280a9ca57	0	10	aa93ada3-89dc-46d8-9e6c-5b52e02e1fd5	2025-05-04 19:33:58.361+00	2025-05-04 19:33:58.361+00
31bbe1c5-cb4f-4898-94a3-880d784b5208	2	3	aa93ada3-89dc-46d8-9e6c-5b52e02e1fd5	2025-05-04 19:33:58.14+00	2025-05-04 19:33:58.14+00
44b01107-d7c9-4370-bf2c-18e04ff67bd3	9	3	aa93ada3-89dc-46d8-9e6c-5b52e02e1fd5	2025-05-04 19:33:58.249+00	2025-05-04 19:33:58.249+00
5f7a82d3-a678-4e40-8a84-c6bc1883ab39	11	3	aa93ada3-89dc-46d8-9e6c-5b52e02e1fd5	2025-05-04 19:33:58.254+00	2025-05-04 19:33:58.254+00
531ddd1f-950d-4a90-a336-9b5b3f7e2108	5	4	aa93ada3-89dc-46d8-9e6c-5b52e02e1fd5	2025-05-04 19:33:58.282+00	2025-05-04 19:33:58.282+00
3763e111-77ec-4476-8e0a-04a4ce599003	6	4	aa93ada3-89dc-46d8-9e6c-5b52e02e1fd5	2025-05-04 19:33:58.289+00	2025-05-04 19:33:58.289+00
cb00cdc3-1d25-4690-aa6e-9fe6eee6c3ff	1	5	aa93ada3-89dc-46d8-9e6c-5b52e02e1fd5	2025-05-04 19:33:58.295+00	2025-05-04 19:33:58.295+00
5586a1de-2b66-4c88-9946-86302bcdb30f	7	5	aa93ada3-89dc-46d8-9e6c-5b52e02e1fd5	2025-05-04 19:33:58.305+00	2025-05-04 19:33:58.305+00
958fcdc1-d38a-4ea6-bdfd-e34a6778b6d7	0	6	aa93ada3-89dc-46d8-9e6c-5b52e02e1fd5	2025-05-04 19:33:58.309+00	2025-05-04 19:33:58.309+00
00643b00-fb13-47b9-a528-c3c8f509338d	4	6	aa93ada3-89dc-46d8-9e6c-5b52e02e1fd5	2025-05-04 19:33:58.313+00	2025-05-04 19:33:58.313+00
f6e4befb-32ab-44a1-b120-aa94ba1d9e47	7	6	aa93ada3-89dc-46d8-9e6c-5b52e02e1fd5	2025-05-04 19:33:58.316+00	2025-05-04 19:33:58.316+00
59c2d836-77c8-4315-a4de-43fa4d12d5aa	9	6	aa93ada3-89dc-46d8-9e6c-5b52e02e1fd5	2025-05-04 19:33:58.32+00	2025-05-04 19:33:58.32+00
2c8bcce3-d38a-4a87-be00-c95f846be5be	11	6	aa93ada3-89dc-46d8-9e6c-5b52e02e1fd5	2025-05-04 19:33:58.324+00	2025-05-04 19:33:58.324+00
b8654a9a-8391-4b5e-8380-5c626d418a43	3	7	aa93ada3-89dc-46d8-9e6c-5b52e02e1fd5	2025-05-04 19:33:58.326+00	2025-05-04 19:33:58.326+00
d2a842d2-693d-426a-bac9-ac20385d3f7c	6	7	aa93ada3-89dc-46d8-9e6c-5b52e02e1fd5	2025-05-04 19:33:58.333+00	2025-05-04 19:33:58.333+00
b9691b08-cee8-4ba1-9460-316501ba433d	10	7	aa93ada3-89dc-46d8-9e6c-5b52e02e1fd5	2025-05-04 19:33:58.336+00	2025-05-04 19:33:58.336+00
a987d160-d8eb-4079-bb3c-89b8202bbe62	9	8	aa93ada3-89dc-46d8-9e6c-5b52e02e1fd5	2025-05-04 19:33:58.349+00	2025-05-04 19:33:58.349+00
8f550f47-5184-4910-9c6e-c647c13864e1	2	9	aa93ada3-89dc-46d8-9e6c-5b52e02e1fd5	2025-05-04 19:33:58.357+00	2025-05-04 19:33:58.357+00
097a6bb8-9386-423f-aaa1-33594ca50c58	8	9	aa93ada3-89dc-46d8-9e6c-5b52e02e1fd5	2025-05-04 19:33:58.362+00	2025-05-04 19:33:58.362+00
c713bb72-a2b2-4355-a484-6d6b3638e174	9	10	aa93ada3-89dc-46d8-9e6c-5b52e02e1fd5	2025-05-04 19:33:58.375+00	2025-05-04 19:33:58.375+00
c4250686-e2df-4462-9027-d911f2f27a63	3	3	aa93ada3-89dc-46d8-9e6c-5b52e02e1fd5	2025-05-04 19:33:58.142+00	2025-05-04 19:33:58.142+00
229a4af4-45d2-4aad-94c4-7f8aa562511d	7	3	aa93ada3-89dc-46d8-9e6c-5b52e02e1fd5	2025-05-04 19:33:58.251+00	2025-05-04 19:33:58.251+00
999494dc-7290-4d68-a126-c4f084a38edd	10	3	aa93ada3-89dc-46d8-9e6c-5b52e02e1fd5	2025-05-04 19:33:58.255+00	2025-05-04 19:33:58.255+00
bd83be1b-9ff9-493d-b277-92d90e272f2b	3	4	aa93ada3-89dc-46d8-9e6c-5b52e02e1fd5	2025-05-04 19:33:58.279+00	2025-05-04 19:33:58.279+00
a744608f-cb5b-47f2-a935-5b40c9f88614	7	4	aa93ada3-89dc-46d8-9e6c-5b52e02e1fd5	2025-05-04 19:33:58.286+00	2025-05-04 19:33:58.286+00
3383db85-4102-43f4-9bfe-21ab13fa0969	10	4	aa93ada3-89dc-46d8-9e6c-5b52e02e1fd5	2025-05-04 19:33:58.291+00	2025-05-04 19:33:58.291+00
ddacd3ed-ddb5-420e-9407-a686e27b560f	4	5	aa93ada3-89dc-46d8-9e6c-5b52e02e1fd5	2025-05-04 19:33:58.302+00	2025-05-04 19:33:58.302+00
9d96ce0f-1879-4145-af55-623e6ec0c7b1	6	5	aa93ada3-89dc-46d8-9e6c-5b52e02e1fd5	2025-05-04 19:33:58.306+00	2025-05-04 19:33:58.306+00
73f7bba6-020a-4662-8bf5-8aed7c777adb	1	6	aa93ada3-89dc-46d8-9e6c-5b52e02e1fd5	2025-05-04 19:33:58.311+00	2025-05-04 19:33:58.311+00
ddea14a3-1b75-4571-9e2d-be70dc8738bf	8	6	aa93ada3-89dc-46d8-9e6c-5b52e02e1fd5	2025-05-04 19:33:58.318+00	2025-05-04 19:33:58.318+00
44601c85-7b98-4b64-9e1d-c60ced8413ff	4	7	aa93ada3-89dc-46d8-9e6c-5b52e02e1fd5	2025-05-04 19:33:58.324+00	2025-05-04 19:33:58.324+00
10a63dab-841d-43a8-a643-a81453f19612	9	7	aa93ada3-89dc-46d8-9e6c-5b52e02e1fd5	2025-05-04 19:33:58.329+00	2025-05-04 19:33:58.329+00
bde98d39-8ae7-4e09-86b6-7e67359fbf60	3	8	aa93ada3-89dc-46d8-9e6c-5b52e02e1fd5	2025-05-04 19:33:58.34+00	2025-05-04 19:33:58.34+00
cf851e61-0b22-43b3-9c8d-6570cf3c05bb	11	8	aa93ada3-89dc-46d8-9e6c-5b52e02e1fd5	2025-05-04 19:33:58.347+00	2025-05-04 19:33:58.347+00
42a52c35-1a6c-4b43-92f3-fa19c430e5f9	1	9	aa93ada3-89dc-46d8-9e6c-5b52e02e1fd5	2025-05-04 19:33:58.356+00	2025-05-04 19:33:58.356+00
7e98ccba-2414-4a21-9757-43aaf042a319	10	9	aa93ada3-89dc-46d8-9e6c-5b52e02e1fd5	2025-05-04 19:33:58.363+00	2025-05-04 19:33:58.363+00
22147de1-06b9-4393-a774-2cfc4123e6ca	5	3	aa93ada3-89dc-46d8-9e6c-5b52e02e1fd5	2025-05-04 19:33:58.143+00	2025-05-04 19:33:58.143+00
9cf307cd-b221-4e08-b08d-3b75a41ecda1	0	4	aa93ada3-89dc-46d8-9e6c-5b52e02e1fd5	2025-05-04 19:33:58.252+00	2025-05-04 19:33:58.252+00
77244253-8e48-4dc8-ac24-e64fb396cd62	2	4	aa93ada3-89dc-46d8-9e6c-5b52e02e1fd5	2025-05-04 19:33:58.272+00	2025-05-04 19:33:58.272+00
dff03bd7-00c9-463d-b94a-3230cf1cdd46	0	5	aa93ada3-89dc-46d8-9e6c-5b52e02e1fd5	2025-05-04 19:33:58.29+00	2025-05-04 19:33:58.29+00
9a8457ca-8201-43b7-868c-a1bd11a6a1c8	5	5	aa93ada3-89dc-46d8-9e6c-5b52e02e1fd5	2025-05-04 19:33:58.303+00	2025-05-04 19:33:58.303+00
ff556f40-903b-4823-afed-1ab13c122fe8	10	5	aa93ada3-89dc-46d8-9e6c-5b52e02e1fd5	2025-05-04 19:33:58.308+00	2025-05-04 19:33:58.308+00
acb957e1-8890-4d3a-a71c-4c340a72c53a	2	6	aa93ada3-89dc-46d8-9e6c-5b52e02e1fd5	2025-05-04 19:33:58.315+00	2025-05-04 19:33:58.315+00
a4844699-334f-451f-815f-e9a99d4143fe	0	7	aa93ada3-89dc-46d8-9e6c-5b52e02e1fd5	2025-05-04 19:33:58.321+00	2025-05-04 19:33:58.321+00
4e8b8e52-9a63-45e7-8573-df3ba7b29027	7	7	aa93ada3-89dc-46d8-9e6c-5b52e02e1fd5	2025-05-04 19:33:58.327+00	2025-05-04 19:33:58.327+00
431fb59f-399e-41e5-85a9-2a8544ef5c35	11	7	aa93ada3-89dc-46d8-9e6c-5b52e02e1fd5	2025-05-04 19:33:58.334+00	2025-05-04 19:33:58.334+00
82a85f11-df26-4682-b986-a6c7dbade5e7	1	8	aa93ada3-89dc-46d8-9e6c-5b52e02e1fd5	2025-05-04 19:33:58.338+00	2025-05-04 19:33:58.338+00
d3b01d39-8cb2-459e-9e60-3bcd6c9435ea	0	9	aa93ada3-89dc-46d8-9e6c-5b52e02e1fd5	2025-05-04 19:33:58.353+00	2025-05-04 19:33:58.353+00
da9bfca1-1b6b-483a-8540-73ebafce27f3	11	9	aa93ada3-89dc-46d8-9e6c-5b52e02e1fd5	2025-05-04 19:33:58.358+00	2025-05-04 19:33:58.358+00
55c6b19d-ff00-45eb-98d6-1be9fa91035e	2	10	aa93ada3-89dc-46d8-9e6c-5b52e02e1fd5	2025-05-04 19:33:58.366+00	2025-05-04 19:33:58.366+00
9e1d927b-d573-4436-847a-75426309b37f	6	3	aa93ada3-89dc-46d8-9e6c-5b52e02e1fd5	2025-05-04 19:33:58.2+00	2025-05-04 19:33:58.2+00
a3f5da35-4dca-41c7-9841-10185e2073ff	4	4	aa93ada3-89dc-46d8-9e6c-5b52e02e1fd5	2025-05-04 19:33:58.27+00	2025-05-04 19:33:58.27+00
1930db35-c3b3-4835-99c0-10ed86317631	8	4	aa93ada3-89dc-46d8-9e6c-5b52e02e1fd5	2025-05-04 19:33:58.288+00	2025-05-04 19:33:58.288+00
0ca4b479-fed9-48d2-a326-d3e27d9edabc	11	4	aa93ada3-89dc-46d8-9e6c-5b52e02e1fd5	2025-05-04 19:33:58.292+00	2025-05-04 19:33:58.292+00
dd1121d4-99a3-4be1-9d32-68f0a6dc7062	2	5	aa93ada3-89dc-46d8-9e6c-5b52e02e1fd5	2025-05-04 19:33:58.304+00	2025-05-04 19:33:58.304+00
c855cd30-0a06-4196-8e08-5f337cbffeee	9	5	aa93ada3-89dc-46d8-9e6c-5b52e02e1fd5	2025-05-04 19:33:58.307+00	2025-05-04 19:33:58.307+00
fb0c26e4-89ce-4501-b792-a55f45c11615	3	6	aa93ada3-89dc-46d8-9e6c-5b52e02e1fd5	2025-05-04 19:33:58.312+00	2025-05-04 19:33:58.312+00
a4035fdd-2df6-41d9-b9b3-13de3d1f78a9	6	6	aa93ada3-89dc-46d8-9e6c-5b52e02e1fd5	2025-05-04 19:33:58.319+00	2025-05-04 19:33:58.319+00
b6db2b81-88d7-45f4-8b20-c8febe7071d6	1	7	aa93ada3-89dc-46d8-9e6c-5b52e02e1fd5	2025-05-04 19:33:58.325+00	2025-05-04 19:33:58.325+00
76953f0c-5325-4d43-bd34-671b341109b4	8	7	aa93ada3-89dc-46d8-9e6c-5b52e02e1fd5	2025-05-04 19:33:58.331+00	2025-05-04 19:33:58.331+00
8d80ca09-b930-4deb-a362-ec7ce353120c	7	8	aa93ada3-89dc-46d8-9e6c-5b52e02e1fd5	2025-05-04 19:33:58.342+00	2025-05-04 19:33:58.342+00
bf6250f6-c432-4837-84e8-e714f2860ae2	8	8	aa93ada3-89dc-46d8-9e6c-5b52e02e1fd5	2025-05-04 19:33:58.351+00	2025-05-04 19:33:58.351+00
70bb2e1b-bb03-4edd-99ff-bc1f32f611a4	9	9	aa93ada3-89dc-46d8-9e6c-5b52e02e1fd5	2025-05-04 19:33:58.36+00	2025-05-04 19:33:58.36+00
a71a46f8-1187-48fc-9bbd-331b97b75d7f	11	10	aa93ada3-89dc-46d8-9e6c-5b52e02e1fd5	2025-05-04 19:33:58.371+00	2025-05-04 19:33:58.371+00
\.


--
-- Name: movies movies_pkey; Type: CONSTRAINT; Schema: public; Owner: postgres
--

ALTER TABLE ONLY public.movies
    ADD CONSTRAINT movies_pkey PRIMARY KEY (id);


--
-- Name: movies movies_title_key; Type: CONSTRAINT; Schema: public; Owner: postgres
--

ALTER TABLE ONLY public.movies
    ADD CONSTRAINT movies_title_key UNIQUE (title);


--
-- Name: movies movies_title_key1; Type: CONSTRAINT; Schema: public; Owner: postgres
--

ALTER TABLE ONLY public.movies
    ADD CONSTRAINT movies_title_key1 UNIQUE (title);


--
-- Name: movies movies_title_key2; Type: CONSTRAINT; Schema: public; Owner: postgres
--

ALTER TABLE ONLY public.movies
    ADD CONSTRAINT movies_title_key2 UNIQUE (title);


--
-- Name: movies movies_title_key3; Type: CONSTRAINT; Schema: public; Owner: postgres
--

ALTER TABLE ONLY public.movies
    ADD CONSTRAINT movies_title_key3 UNIQUE (title);


--
-- Name: movies movies_title_key4; Type: CONSTRAINT; Schema: public; Owner: postgres
--

ALTER TABLE ONLY public.movies
    ADD CONSTRAINT movies_title_key4 UNIQUE (title);


--
-- Name: reservations reservations_pkey; Type: CONSTRAINT; Schema: public; Owner: postgres
--

ALTER TABLE ONLY public.reservations
    ADD CONSTRAINT reservations_pkey PRIMARY KEY (id);


--
-- Name: reserved_seats reserved_seats_pkey; Type: CONSTRAINT; Schema: public; Owner: postgres
--

ALTER TABLE ONLY public.reserved_seats
    ADD CONSTRAINT reserved_seats_pkey PRIMARY KEY (id);


--
-- Name: rooms rooms_name_key; Type: CONSTRAINT; Schema: public; Owner: postgres
--

ALTER TABLE ONLY public.rooms
    ADD CONSTRAINT rooms_name_key UNIQUE (name);


--
-- Name: rooms rooms_name_key1; Type: CONSTRAINT; Schema: public; Owner: postgres
--

ALTER TABLE ONLY public.rooms
    ADD CONSTRAINT rooms_name_key1 UNIQUE (name);


--
-- Name: rooms rooms_name_key2; Type: CONSTRAINT; Schema: public; Owner: postgres
--

ALTER TABLE ONLY public.rooms
    ADD CONSTRAINT rooms_name_key2 UNIQUE (name);


--
-- Name: rooms rooms_name_key3; Type: CONSTRAINT; Schema: public; Owner: postgres
--

ALTER TABLE ONLY public.rooms
    ADD CONSTRAINT rooms_name_key3 UNIQUE (name);


--
-- Name: rooms rooms_name_key4; Type: CONSTRAINT; Schema: public; Owner: postgres
--

ALTER TABLE ONLY public.rooms
    ADD CONSTRAINT rooms_name_key4 UNIQUE (name);


--
-- Name: rooms rooms_pkey; Type: CONSTRAINT; Schema: public; Owner: postgres
--

ALTER TABLE ONLY public.rooms
    ADD CONSTRAINT rooms_pkey PRIMARY KEY (id);


--
-- Name: screenings screenings_pkey; Type: CONSTRAINT; Schema: public; Owner: postgres
--

ALTER TABLE ONLY public.screenings
    ADD CONSTRAINT screenings_pkey PRIMARY KEY (id);


--
-- Name: seats seats_pkey; Type: CONSTRAINT; Schema: public; Owner: postgres
--

ALTER TABLE ONLY public.seats
    ADD CONSTRAINT seats_pkey PRIMARY KEY (id);


--
-- Name: reservations reservations_screening_id_fkey; Type: FK CONSTRAINT; Schema: public; Owner: postgres
--

ALTER TABLE ONLY public.reservations
    ADD CONSTRAINT reservations_screening_id_fkey FOREIGN KEY (screening_id) REFERENCES public.screenings(id) ON UPDATE CASCADE;


--
-- Name: reserved_seats reserved_seats_reservation_id_fkey; Type: FK CONSTRAINT; Schema: public; Owner: postgres
--

ALTER TABLE ONLY public.reserved_seats
    ADD CONSTRAINT reserved_seats_reservation_id_fkey FOREIGN KEY (reservation_id) REFERENCES public.reservations(id) ON UPDATE CASCADE ON DELETE CASCADE;


--
-- Name: reserved_seats reserved_seats_seat_id_fkey; Type: FK CONSTRAINT; Schema: public; Owner: postgres
--

ALTER TABLE ONLY public.reserved_seats
    ADD CONSTRAINT reserved_seats_seat_id_fkey FOREIGN KEY (seat_id) REFERENCES public.seats(id) ON UPDATE CASCADE ON DELETE CASCADE;


--
-- Name: screenings screenings_movie_id_fkey; Type: FK CONSTRAINT; Schema: public; Owner: postgres
--

ALTER TABLE ONLY public.screenings
    ADD CONSTRAINT screenings_movie_id_fkey FOREIGN KEY (movie_id) REFERENCES public.movies(id) ON UPDATE CASCADE ON DELETE CASCADE;


--
-- Name: screenings screenings_room_id_fkey; Type: FK CONSTRAINT; Schema: public; Owner: postgres
--

ALTER TABLE ONLY public.screenings
    ADD CONSTRAINT screenings_room_id_fkey FOREIGN KEY (room_id) REFERENCES public.rooms(id) ON UPDATE CASCADE;


--
-- Name: seats seats_room_id_fkey; Type: FK CONSTRAINT; Schema: public; Owner: postgres
--

ALTER TABLE ONLY public.seats
    ADD CONSTRAINT seats_room_id_fkey FOREIGN KEY (room_id) REFERENCES public.rooms(id) ON UPDATE CASCADE ON DELETE CASCADE;


--
-- PostgreSQL database dump complete
--

